bank_id,source_exam,original_number,status,reuse_ready,review_notes,domain,topic,task,task_label,approach,pattern,format,difficulty,stem,option_a,option_b,option_c,option_d,option_e,correct_index_zero_based,correct_letter,correct_answer_text,rationale,source_references,eco_reference,pmbok_reference,page_references,stimulus,case_id,raw_json
D1-001,Diagnostic 1,1,draft,,,people,Vision Alignment,P1,People Task 1 - Develop a common vision,hybrid,content,Scenario,Moderate-Hard,"A newly appointed executive directs the team to reprioritize the backlog toward features that generate revenue within the current fiscal year. The approved business case ties funding to a customer-retention benefit, and preliminary analysis indicates the requested features would reduce that benefit. The executive is a named sponsor on the project charter. What should the project manager do first?","Quantify the effect of the requested reprioritization on the approved benefits and success measures, and confirm which objective governance now treats as primary",Convene the original sponsors and the new executive to renegotiate the project's success criteria before the reprioritization is analyzed,Implement the direction as given and record the reduction in retention benefit as a new risk with the executive as risk owner,"Submit the reprioritization through integrated change control, since a change in feature priority alters scope and expected outcomes",,0,A,"Quantify the effect of the requested reprioritization on the approved benefits and success measures, and confirm which objective governance now treats as primary","The executive has authority, but the conflict is between two approved objectives. The project manager must first establish the benefit impact and which objective now governs. Renegotiating criteria, raising a change request, or logging a risk are all premature until that is known.",PMI-PMP-2026-ECO | P1 People Task 1 - Develop a common vision | pp. 7-8,PMI-PMP-2026-ECO | P1 People Task 1 - Develop a common vision | pp. 7-8,,pp. 7-8,,,"{""d"":""people"",""t"":""Vision Alignment"",""a"":""hybrid"",""q"":""A newly appointed executive directs the team to reprioritize the backlog toward features that generate revenue within the current fiscal year. The approved business case ties funding to a customer-retention benefit, and preliminary analysis indicates the requested features would reduce that benefit. The executive is a named sponsor on the project charter. What should the project manager do first?"",""o"":[""Quantify the effect of the requested reprioritization on the approved benefits and success measures, and confirm which objective governance now treats as primary"",""Convene the original sponsors and the new executive to renegotiate the project's success criteria before the reprioritization is analyzed"",""Implement the direction as given and record the reduction in retention benefit as a new risk with the executive as risk owner"",""Submit the reprioritization through integrated change control, since a change in feature priority alters scope and expected outcomes""],""x"":0,""r"":""The executive has authority, but the conflict is between two approved objectives. The project manager must first establish the benefit impact and which objective now governs. Renegotiating criteria, raising a change request, or logging a risk are all premature until that is known."",""task"":""P1"",""taskLabel"":""People Task 1 - Develop a common vision"",""rule"":""Create shared understanding before optimizing local choices."",""format"":""Scenario"",""difficulty"":""Moderate-Hard"",""pattern"":""content""}"
D1-002,Diagnostic 1,2,draft,,,people,Stakeholder Expectations,P5,People Task 5 - Align stakeholder expectations,hybrid,content,Scenario,Moderate-Hard,Three influential stakeholders each sponsor a different outcome for the same project. Available funding supports roughly one and a half of the three. All three outcomes are defensible against the business case. A joint alignment workshop was held last month and ended without agreement. What should the project manager do next?,"Allocate the available funding proportionally across the three outcomes so that each stakeholder receives a partial result, while documenting the assumptions and communicating the decision to affected stakeholders.",Prepare a value-based prioritization of the three outcomes against the business case and escalate the funding tradeoff to the body authorized to decide it,Deliver the outcome sponsored by the stakeholder with the greatest formal authority and manage the other two as candidate future phases,"Facilitate a second alignment workshop with an independent facilitator, since stakeholder consensus remains the preferred outcome, and document the agreed actions in the appropriate management plan.",,1,B,Prepare a value-based prioritization of the three outcomes against the business case and escalate the funding tradeoff to the body authorized to decide it,"Facilitation has already been attempted and failed. With the conflict outside the project manager's authority to resolve, the next step is to escalate the tradeoff with a value-based analysis, not to repeat the workshop or dilute funding across all three.",PMI-PMP-2026-ECO | P5 People Task 5 - Align stakeholder expectations | pp. 7-8,PMI-PMP-2026-ECO | P5 People Task 5 - Align stakeholder expectations | pp. 7-8,,pp. 7-8,,,"{""d"":""people"",""t"":""Stakeholder Expectations"",""a"":""hybrid"",""q"":""Three influential stakeholders each sponsor a different outcome for the same project. Available funding supports roughly one and a half of the three. All three outcomes are defensible against the business case. A joint alignment workshop was held last month and ended without agreement. What should the project manager do next?"",""o"":[""Allocate the available funding proportionally across the three outcomes so that each stakeholder receives a partial result, while documenting the assumptions and communicating the decision to affected stakeholders."",""Prepare a value-based prioritization of the three outcomes against the business case and escalate the funding tradeoff to the body authorized to decide it"",""Deliver the outcome sponsored by the stakeholder with the greatest formal authority and manage the other two as candidate future phases"",""Facilitate a second alignment workshop with an independent facilitator, since stakeholder consensus remains the preferred outcome, and document the agreed actions in the appropriate management plan.""],""x"":1,""r"":""Facilitation has already been attempted and failed. With the conflict outside the project manager's authority to resolve, the next step is to escalate the tradeoff with a value-based analysis, not to repeat the workshop or dilute funding across all three."",""task"":""P5"",""taskLabel"":""People Task 5 - Align stakeholder expectations"",""rule"":""Align stakeholder expectations and decision rules before committing work."",""format"":""Scenario"",""difficulty"":""Moderate-Hard"",""pattern"":""content""}"
D1-003,Diagnostic 1,3,draft,,,people,Conflict Management,P2,People Task 2 - Manage conflicts,predictive,content,Scenario,Moderate-Hard,"Two senior architects have proposed different technical approaches. Both satisfy the requirements and fit the budget. One increases long-term support complexity; the other increases transition risk at cutover. The disagreement has become personal, the team is taking sides, and the sponsor has asked the project manager to settle it before the next status meeting. What should the project manager do first?","Escalate both approaches and their tradeoffs to the sponsor, since the disagreement has become personal and neither architect will concede",Ask the architects to jointly develop a combined approach that mitigates both the support complexity and the transition risk,"Establish and apply agreed decision criteria with the architects and the affected operational stakeholders, and address the interpersonal conflict separately","Select the approach with the lower operational risk, since long-term supportability protects the benefits in the business case",,2,C,"Establish and apply agreed decision criteria with the architects and the affected operational stakeholders, and address the interpersonal conflict separately","Two viable options require a criteria-based decision, not a compromise design, a unilateral pick, or escalation. The behavioral conflict is a separate problem and should not drive the technical decision path.",PMI-PMP-2026-ECO | P2 People Task 2 - Manage conflicts | pp. 7-8,PMI-PMP-2026-ECO | P2 People Task 2 - Manage conflicts | pp. 7-8,,pp. 7-8,,,"{""d"":""people"",""t"":""Conflict Management"",""a"":""predictive"",""q"":""Two senior architects have proposed different technical approaches. Both satisfy the requirements and fit the budget. One increases long-term support complexity; the other increases transition risk at cutover. The disagreement has become personal, the team is taking sides, and the sponsor has asked the project manager to settle it before the next status meeting. What should the project manager do first?"",""o"":[""Escalate both approaches and their tradeoffs to the sponsor, since the disagreement has become personal and neither architect will concede"",""Ask the architects to jointly develop a combined approach that mitigates both the support complexity and the transition risk"",""Establish and apply agreed decision criteria with the architects and the affected operational stakeholders, and address the interpersonal conflict separately"",""Select the approach with the lower operational risk, since long-term supportability protects the benefits in the business case""],""x"":2,""r"":""Two viable options require a criteria-based decision, not a compromise design, a unilateral pick, or escalation. The behavioral conflict is a separate problem and should not drive the technical decision path."",""task"":""P2"",""taskLabel"":""People Task 2 - Manage conflicts"",""rule"":""Use the appropriate conflict response: collaborate when time allows, decide within authority when time has run out, and escalate only when the decision exceeds the project manager role."",""format"":""Scenario"",""difficulty"":""Moderate-Hard"",""pattern"":""content""}"
D1-004,Diagnostic 1,4,draft,,,people,Knowledge Transfer,P7,People Task 7 - Help ensure knowledge transfer,predictive,content,Scenario,Moderate-Hard,"A subject matter expert who is the only person able to configure a critical integration will leave the organization in three weeks. Configuration documentation exists and is current, but the expert's troubleshooting judgment has never been captured. A replacement has been requisitioned but not yet identified. Deployment is in ten weeks. What should the project manager do first?",Raise the departure as an issue and request that the resourcing process be expedited so shadowing can occur,"Extend the deployment date so that the replacement can be identified, onboarded, and able to shadow the expert before the departure",Ask the expert to spend the remaining three weeks recording detailed walkthroughs of the common troubleshooting scenarios and the judgment behind them,"Identify which knowledge is critical to deployment and to operations, then select transfer mechanisms that do not depend on the replacement arriving first",,3,D,"Identify which knowledge is critical to deployment and to operations, then select transfer mechanisms that do not depend on the replacement arriving first","The replacement may not arrive in time, so transfer cannot be built around that assumption. The project manager must first determine what knowledge is actually at risk. Selecting a mechanism, moving the date, or escalating staffing all precede the analysis that should drive them.",PMI-PMP-2026-ECO | P7 People Task 7 - Help ensure knowledge transfer | pp. 7-8,PMI-PMP-2026-ECO | P7 People Task 7 - Help ensure knowledge transfer | pp. 7-8,,pp. 7-8,,,"{""d"":""people"",""t"":""Knowledge Transfer"",""a"":""predictive"",""q"":""A subject matter expert who is the only person able to configure a critical integration will leave the organization in three weeks. Configuration documentation exists and is current, but the expert's troubleshooting judgment has never been captured. A replacement has been requisitioned but not yet identified. Deployment is in ten weeks. What should the project manager do first?"",""o"":[""Raise the departure as an issue and request that the resourcing process be expedited so shadowing can occur"",""Extend the deployment date so that the replacement can be identified, onboarded, and able to shadow the expert before the departure"",""Ask the expert to spend the remaining three weeks recording detailed walkthroughs of the common troubleshooting scenarios and the judgment behind them"",""Identify which knowledge is critical to deployment and to operations, then select transfer mechanisms that do not depend on the replacement arriving first""],""x"":3,""r"":""The replacement may not arrive in time, so transfer cannot be built around that assumption. The project manager must first determine what knowledge is actually at risk. Selecting a mechanism, moving the date, or escalating staffing all precede the analysis that should drive them."",""task"":""P7"",""taskLabel"":""People Task 7 - Help ensure knowledge transfer"",""rule"":""Knowledge transfer must move usable know-how, not just documents."",""format"":""Scenario"",""difficulty"":""Moderate-Hard"",""pattern"":""content""}"
D1-005,Diagnostic 1,5,draft,,,people,Communication Effectiveness,P8,People Task 8 - Plan and manage communication,hybrid,content,Scenario,Moderate-Hard,"Stakeholders receive every scheduled report on time, the PMO confirms the template is applied correctly, and the project manager has verified the reported data is accurate. Stakeholders nonetheless keep asking what is required of them and misstate project status in other forums. What should the project manager do first?","Identify the decisions each key stakeholder owns and the information those decisions require, then revise the communications approach accordingly",Compare the communications management plan against the stakeholder engagement matrix to confirm each stakeholder is receiving the artifacts assigned to them,Add a decisions-required section to the existing report and monitor whether stakeholder questions decline over the next two reporting cycles,Raise an issue with the PMO that the mandated template does not support stakeholder decision needs and request a template exception,,0,A,"Identify the decisions each key stakeholder owns and the information those decisions require, then revise the communications approach accordingly","Distribution and accuracy are already confirmed, so the failure is in usefulness. The project manager must first understand what decisions the communication is meant to support. Adding a section, re-checking distribution, or contesting the template all act before the need is understood.",PMI-PMP-2026-ECO | P8 People Task 8 - Plan and manage communication | pp. 7-8,PMI-PMP-2026-ECO | P8 People Task 8 - Plan and manage communication | pp. 7-8,,pp. 7-8,,,"{""d"":""people"",""t"":""Communication Effectiveness"",""a"":""hybrid"",""q"":""Stakeholders receive every scheduled report on time, the PMO confirms the template is applied correctly, and the project manager has verified the reported data is accurate. Stakeholders nonetheless keep asking what is required of them and misstate project status in other forums. What should the project manager do first?"",""o"":[""Identify the decisions each key stakeholder owns and the information those decisions require, then revise the communications approach accordingly"",""Compare the communications management plan against the stakeholder engagement matrix to confirm each stakeholder is receiving the artifacts assigned to them"",""Add a decisions-required section to the existing report and monitor whether stakeholder questions decline over the next two reporting cycles"",""Raise an issue with the PMO that the mandated template does not support stakeholder decision needs and request a template exception""],""x"":0,""r"":""Distribution and accuracy are already confirmed, so the failure is in usefulness. The project manager must first understand what decisions the communication is meant to support. Adding a section, re-checking distribution, or contesting the template all act before the need is understood."",""task"":""P8"",""taskLabel"":""People Task 8 - Plan and manage communication"",""rule"":""Communication is effective only when it supports the receiver\\u2019s decision need."",""format"":""Scenario"",""difficulty"":""Moderate-Hard"",""pattern"":""content""}"
D1-006,Diagnostic 1,6,draft,,,people,Team Performance,P3,People Task 3 - Lead the project team,adaptive,content,Scenario,Moderate-Hard,"An adaptive team has met every sprint commitment for four iterations, but escaped defects have doubled. In one-on-one conversations, several developers say they no longer raise design objections because doing so puts the sprint commitment at risk. The product owner is satisfied with delivery and the retrospectives report no impediments. What should the project manager do first?","Add a definition-of-done criterion requiring design review sign-off before a story can be accepted, so that design concerns must be raised before work is completed","Make the defect trend and its link to suppressed design disagreement visible to the team, and facilitate revised working agreements that protect technical dissent",Reduce the next sprint's committed scope to create capacity for defect remediation and design discussion,"Raise the escaped-defect trend to governance, since delivered work is not meeting quality expectations",,1,B,"Make the defect trend and its link to suppressed design disagreement visible to the team, and facilitate revised working agreements that protect technical dissent","The defects are a symptom of a team norm that punishes dissent, and the retrospective is not surfacing it. Process controls, scope relief, and escalation all treat the symptom while leaving the cause in place.",PMI-PMP-2026-ECO | P3 People Task 3 - Lead the project team | pp. 7-8,PMI-PMP-2026-ECO | P3 People Task 3 - Lead the project team | pp. 7-8,,pp. 7-8,,,"{""d"":""people"",""t"":""Team Performance"",""a"":""adaptive"",""q"":""An adaptive team has met every sprint commitment for four iterations, but escaped defects have doubled. In one-on-one conversations, several developers say they no longer raise design objections because doing so puts the sprint commitment at risk. The product owner is satisfied with delivery and the retrospectives report no impediments. What should the project manager do first?"",""o"":[""Add a definition-of-done criterion requiring design review sign-off before a story can be accepted, so that design concerns must be raised before work is completed"",""Make the defect trend and its link to suppressed design disagreement visible to the team, and facilitate revised working agreements that protect technical dissent"",""Reduce the next sprint's committed scope to create capacity for defect remediation and design discussion"",""Raise the escaped-defect trend to governance, since delivered work is not meeting quality expectations""],""x"":1,""r"":""The defects are a symptom of a team norm that punishes dissent, and the retrospective is not surfacing it. Process controls, scope relief, and escalation all treat the symptom while leaving the cause in place."",""task"":""P3"",""taskLabel"":""People Task 3 - Lead the project team"",""rule"":""Lead the people before managing the work: support, empower, coach, clarify, and build capability."",""format"":""Scenario"",""difficulty"":""Moderate-Hard"",""pattern"":""content""}"
D1-007,Diagnostic 1,7,draft,,,people,Stakeholder Engagement,P4,People Task 4 - Engage stakeholders,predictive,content,Scenario,Moderate-Hard,"A regulator with approval authority over the launch raises a concern that the current design may not satisfy a reporting rule. The regulator has not issued a formal finding. The sponsor considers the concern speculative, notes that a formal finding could take months, and directs the team to continue design work while leadership resolves it. What should the project manager do first?","Continue the design work as the sponsor has directed, and log the regulator's concern in the risk register with the sponsor as the named risk owner","Ask the regulator to confirm in writing that the concern is not a formal finding, so that the team can continue the design work on a documented basis","Assess which design work is exposed if the concern is upheld, and take that exposure and the sponsor's direction to the body authorized to accept the risk",Halt all design work until the regulator issues a formal finding on the reporting rule,,2,C,"Assess which design work is exposed if the concern is upheld, and take that exposure and the sponsor's direction to the body authorized to accept the risk","A credible concern from an approving authority creates exposure the sponsor cannot absorb informally. The project manager quantifies the exposure and puts the acceptance decision where it belongs. Proceeding on a logged risk, seeking a written disclaimer, or halting everything are each disproportionate or evasive.",PMI-PMP-2026-ECO | P4 People Task 4 - Engage stakeholders | pp. 7-8,PMI-PMP-2026-ECO | P4 People Task 4 - Engage stakeholders | pp. 7-8,,pp. 7-8,,,"{""d"":""people"",""t"":""Stakeholder Engagement"",""a"":""predictive"",""q"":""A regulator with approval authority over the launch raises a concern that the current design may not satisfy a reporting rule. The regulator has not issued a formal finding. The sponsor considers the concern speculative, notes that a formal finding could take months, and directs the team to continue design work while leadership resolves it. What should the project manager do first?"",""o"":[""Continue the design work as the sponsor has directed, and log the regulator's concern in the risk register with the sponsor as the named risk owner"",""Ask the regulator to confirm in writing that the concern is not a formal finding, so that the team can continue the design work on a documented basis"",""Assess which design work is exposed if the concern is upheld, and take that exposure and the sponsor's direction to the body authorized to accept the risk"",""Halt all design work until the regulator issues a formal finding on the reporting rule""],""x"":2,""r"":""A credible concern from an approving authority creates exposure the sponsor cannot absorb informally. The project manager quantifies the exposure and puts the acceptance decision where it belongs. Proceeding on a logged risk, seeking a written disclaimer, or halting everything are each disproportionate or evasive."",""task"":""P4"",""taskLabel"":""People Task 4 - Engage stakeholders"",""rule"":""Engage stakeholders based on interest, power, influence, resistance, and impact."",""format"":""Scenario"",""difficulty"":""Moderate-Hard"",""pattern"":""content""}"
D1-008,Diagnostic 1,8,draft,,,people,Executive Alignment,P5,People Task 5 - Align stakeholder expectations,hybrid,content,Scenario,Moderate-Hard,"Marketing has publicly committed to a launch in six weeks. Operations will not accept handover without a fully trained support model, which requires eight weeks. Finance has refused all overtime. Each commitment was made in a separate meeting with the sponsor, and each group believes its position is already approved. What should the project manager do first?",Determine which commitment most directly supports the benefits in the business case and plan the project to that commitment,Present the three commitments and their mutual incompatibility to the sponsor and request a decision on which constraint gives way,"Deliver a reduced launch scope in six weeks that operations can support with existing staff, and defer the remaining scope to a second release","Convene the three groups to expose the conflict, establish the launch decision criteria and acceptable tradeoffs, and escalate only what they cannot resolve",,3,D,"Convene the three groups to expose the conflict, establish the launch decision criteria and acceptable tradeoffs, and escalate only what they cannot resolve","None of the three groups yet knows the others' positions are incompatible. Alignment on shared tradeoff criteria comes before a solution is proposed, before escalation, and before the project manager selects a winner.",PMI-PMP-2026-ECO | P5 People Task 5 - Align stakeholder expectations | pp. 7-8,PMI-PMP-2026-ECO | P5 People Task 5 - Align stakeholder expectations | pp. 7-8,,pp. 7-8,,,"{""d"":""people"",""t"":""Executive Alignment"",""a"":""hybrid"",""q"":""Marketing has publicly committed to a launch in six weeks. Operations will not accept handover without a fully trained support model, which requires eight weeks. Finance has refused all overtime. Each commitment was made in a separate meeting with the sponsor, and each group believes its position is already approved. What should the project manager do first?"",""o"":[""Determine which commitment most directly supports the benefits in the business case and plan the project to that commitment"",""Present the three commitments and their mutual incompatibility to the sponsor and request a decision on which constraint gives way"",""Deliver a reduced launch scope in six weeks that operations can support with existing staff, and defer the remaining scope to a second release"",""Convene the three groups to expose the conflict, establish the launch decision criteria and acceptable tradeoffs, and escalate only what they cannot resolve""],""x"":3,""r"":""None of the three groups yet knows the others' positions are incompatible. Alignment on shared tradeoff criteria comes before a solution is proposed, before escalation, and before the project manager selects a winner."",""task"":""P5"",""taskLabel"":""People Task 5 - Align stakeholder expectations"",""rule"":""Align stakeholder expectations and decision rules before committing work."",""format"":""Scenario"",""difficulty"":""Moderate-Hard"",""pattern"":""content""}"
D1-009,Diagnostic 1,9,draft,,,people,Customer Feedback,P6,People Task 6 - Manage stakeholder expectations,adaptive,content,Scenario,Moderate-Hard,A customer representative approves every sprint review and then relays dissatisfaction to the sponsor afterward. The sponsor has now asked the project manager why accepted increments are being described as unsatisfactory. The product owner believes the representative lacks acceptance authority and is being used politically by another department. What should the project manager do first?,"Establish explicit acceptance criteria and decision rights covering who accepts increments and how dissatisfaction is raised, and confirm them with the representative and the sponsor","Update the stakeholder register to reflect the representative's actual influence, and raise the planned engagement level so that dissatisfaction surfaces before it reaches the sponsor",Ask the sponsor to route all customer feedback through the product owner so that a single channel exists,Invite the sponsor to attend sprint reviews so that acceptance and dissatisfaction are observed in the same forum,,0,A,"Establish explicit acceptance criteria and decision rights covering who accepts increments and how dissatisfaction is raised, and confirm them with the representative and the sponsor","The root problem is that acceptance and feedback rights are undefined, which is what allows approval and dissatisfaction to coexist. Redirecting the channel, adding an observer, or updating the register all leave the ambiguity intact.",PMI-PMP-2026-ECO | P6 People Task 6 - Manage stakeholder expectations | pp. 7-8,PMI-PMP-2026-ECO | P6 People Task 6 - Manage stakeholder expectations | pp. 7-8,,pp. 7-8,,,"{""d"":""people"",""t"":""Customer Feedback"",""a"":""adaptive"",""q"":""A customer representative approves every sprint review and then relays dissatisfaction to the sponsor afterward. The sponsor has now asked the project manager why accepted increments are being described as unsatisfactory. The product owner believes the representative lacks acceptance authority and is being used politically by another department. What should the project manager do first?"",""o"":[""Establish explicit acceptance criteria and decision rights covering who accepts increments and how dissatisfaction is raised, and confirm them with the representative and the sponsor"",""Update the stakeholder register to reflect the representative's actual influence, and raise the planned engagement level so that dissatisfaction surfaces before it reaches the sponsor"",""Ask the sponsor to route all customer feedback through the product owner so that a single channel exists"",""Invite the sponsor to attend sprint reviews so that acceptance and dissatisfaction are observed in the same forum""],""x"":0,""r"":""The root problem is that acceptance and feedback rights are undefined, which is what allows approval and dissatisfaction to coexist. Redirecting the channel, adding an observer, or updating the register all leave the ambiguity intact."",""task"":""P6"",""taskLabel"":""People Task 6 - Manage stakeholder expectations"",""rule"":""Manage expectations continuously through feedback, satisfaction monitoring, and correction."",""format"":""Scenario"",""difficulty"":""Moderate-Hard"",""pattern"":""content""}"
D1-010,Diagnostic 1,10,draft,,,people,Leadership Style,P3,People Task 3 - Lead the project team,predictive,content,Scenario,Moderate-Hard,"A newly formed team is scheduled to begin a safety-critical work package this week. Several members have not yet demonstrated competence in the required control procedures, and an incorrect decision could create regulatory exposure. The team asks to manage the work autonomously. What should the project manager do?",Seek sponsor approval for a temporary authority matrix that delegates routine decisions to the team,"Use a directive coaching approach with mandatory review gates, then increase delegation as competence is demonstrated","Conduct a risk workshop, retain the current leadership approach, and monitor the first work package closely",Assign an experienced mentor and allow the team to self-organize within the existing project controls,,1,B,"Use a directive coaching approach with mandatory review gates, then increase delegation as competence is demonstrated","The team has not demonstrated minimum competence for safety-critical work. The project manager should provide clear direction and mandatory oversight now, then progressively delegate as readiness is demonstrated.",PMI-PMP-2026-ECO | P3 People Task 3 - Lead the project team | pp. 7-8,PMI-PMP-2026-ECO | P3 People Task 3 - Lead the project team | pp. 7-8,,pp. 7-8,,,"{""d"":""people"",""t"":""Leadership Style"",""a"":""predictive"",""q"":""A newly formed team is scheduled to begin a safety-critical work package this week. Several members have not yet demonstrated competence in the required control procedures, and an incorrect decision could create regulatory exposure. The team asks to manage the work autonomously. What should the project manager do?"",""o"":[""Seek sponsor approval for a temporary authority matrix that delegates routine decisions to the team"",""Use a directive coaching approach with mandatory review gates, then increase delegation as competence is demonstrated"",""Conduct a risk workshop, retain the current leadership approach, and monitor the first work package closely"",""Assign an experienced mentor and allow the team to self-organize within the existing project controls""],""x"":1,""r"":""The team has not demonstrated minimum competence for safety-critical work. The project manager should provide clear direction and mandatory oversight now, then progressively delegate as readiness is demonstrated."",""task"":""P3"",""taskLabel"":""People Task 3 - Lead the project team"",""rule"":""Lead the people before managing the work: support, empower, coach, clarify, and build capability."",""format"":""Scenario"",""difficulty"":""Moderate-Hard"",""pattern"":""content""}"
D1-011,Diagnostic 1,11,draft,,,people,Team Voice,P3,People Task 3 - Lead the project team,hybrid,content,Scenario,Moderate-Hard,"Preparing for a governance meeting, the team demonstrates with evidence that the sponsor's requested date can be met only by reducing accessibility testing below the organizational standard. The project manager has verified the analysis. The sponsor, who chairs the meeting, wants the date committed and says accessibility can be caught up after launch. What should the project manager do?","Propose an alternative date that preserves the standard, and ask the sponsor to take the revised date to governance","Commit the date and open a post-launch remediation item for the accessibility shortfall, with the sponsor as owner","Present the team's evidence in the meeting and require an explicit governance decision on the date, the scope, and the standards tradeoff","Ask the accessibility lead whether the reduced testing approach is acceptable, and commit the date if the lead agrees",,2,C,"Present the team's evidence in the meeting and require an explicit governance decision on the date, the scope, and the standards tradeoff","The analysis is complete and an organizational standard is at stake, so the tradeoff must be visible to the body that can decide it. Negotiating privately with the sponsor, logging remediation, or seeking informal sign-off all keep the decision out of governance.",PMI-PMP-2026-ECO | P3 People Task 3 - Lead the project team | pp. 7-8,PMI-PMP-2026-ECO | P3 People Task 3 - Lead the project team | pp. 7-8,,pp. 7-8,,,"{""d"":""people"",""t"":""Team Voice"",""a"":""hybrid"",""q"":""Preparing for a governance meeting, the team demonstrates with evidence that the sponsor's requested date can be met only by reducing accessibility testing below the organizational standard. The project manager has verified the analysis. The sponsor, who chairs the meeting, wants the date committed and says accessibility can be caught up after launch. What should the project manager do?"",""o"":[""Propose an alternative date that preserves the standard, and ask the sponsor to take the revised date to governance"",""Commit the date and open a post-launch remediation item for the accessibility shortfall, with the sponsor as owner"",""Present the team's evidence in the meeting and require an explicit governance decision on the date, the scope, and the standards tradeoff"",""Ask the accessibility lead whether the reduced testing approach is acceptable, and commit the date if the lead agrees""],""x"":2,""r"":""The analysis is complete and an organizational standard is at stake, so the tradeoff must be visible to the body that can decide it. Negotiating privately with the sponsor, logging remediation, or seeking informal sign-off all keep the decision out of governance."",""task"":""P3"",""taskLabel"":""People Task 3 - Lead the project team"",""rule"":""Lead the people before managing the work: support, empower, coach, clarify, and build capability."",""format"":""Scenario"",""difficulty"":""Moderate-Hard"",""pattern"":""content""}"
D1-012,Diagnostic 1,12,draft,,,people,Product Ownership,P3,People Task 3 - Lead the project team,adaptive,content,Scenario,Moderate-Hard,"A junior product owner routinely forwards prioritization decisions to a senior stakeholder, who responds quickly. The resulting backlog favors features that demonstrate well to executives over features that benefits data shows retain revenue. Velocity is stable and the sponsor is satisfied. What should the project manager do first?","Introduce a weighted prioritization model and ask the product owner to apply it to the existing backlog, while documenting the assumptions and communicating the decision to affected stakeholders.","Ask the senior stakeholder to attend refinement sessions so prioritization decisions are made transparently with the team, while documenting the assumptions and communicating the decision to affected stakeholders.","Raise the prioritization pattern with the sponsor, presenting the benefits data and the divergence between the current backlog and the product goal","Coach the product owner on the authority of the role and on evidence-based prioritization, and bring the benefits data into the next refinement session",,3,D,"Coach the product owner on the authority of the role and on evidence-based prioritization, and bring the benefits data into the next refinement session","The role is being abdicated, not just executed poorly. Restoring the product owner's decision authority and grounding it in benefits evidence addresses the cause. A model, a meeting invitation, or escalation each work around the product owner rather than developing them.",PMI-PMP-2026-ECO | P3 People Task 3 - Lead the project team | pp. 7-8,PMI-PMP-2026-ECO | P3 People Task 3 - Lead the project team | pp. 7-8,,pp. 7-8,,,"{""d"":""people"",""t"":""Product Ownership"",""a"":""adaptive"",""q"":""A junior product owner routinely forwards prioritization decisions to a senior stakeholder, who responds quickly. The resulting backlog favors features that demonstrate well to executives over features that benefits data shows retain revenue. Velocity is stable and the sponsor is satisfied. What should the project manager do first?"",""o"":[""Introduce a weighted prioritization model and ask the product owner to apply it to the existing backlog, while documenting the assumptions and communicating the decision to affected stakeholders."",""Ask the senior stakeholder to attend refinement sessions so prioritization decisions are made transparently with the team, while documenting the assumptions and communicating the decision to affected stakeholders."",""Raise the prioritization pattern with the sponsor, presenting the benefits data and the divergence between the current backlog and the product goal"",""Coach the product owner on the authority of the role and on evidence-based prioritization, and bring the benefits data into the next refinement session""],""x"":3,""r"":""The role is being abdicated, not just executed poorly. Restoring the product owner's decision authority and grounding it in benefits evidence addresses the cause. A model, a meeting invitation, or escalation each work around the product owner rather than developing them."",""task"":""P3"",""taskLabel"":""People Task 3 - Lead the project team"",""rule"":""Lead the people before managing the work: support, empower, coach, clarify, and build capability."",""format"":""Scenario"",""difficulty"":""Moderate-Hard"",""pattern"":""content""}"
D1-013,Diagnostic 1,13,draft,,,people,Transparency,P8,People Task 8 - Plan and manage communication,hybrid,content,Scenario,Moderate-Hard,"The delivery team maintains an unofficial defect spreadsheet because the formal tool is slow and difficult to use. The spreadsheet contains valid defects missing from leadership reports, and the reporting deadline is tomorrow. What should the project manager do first?","Reconcile the defect data immediately, identify the workflow barriers, and establish one controlled source for future reporting",Require immediate use of the formal tool and audit all prior defects before correcting the leadership report,Use the spreadsheet for tomorrow's report and postpone reconciliation until the formal tool can be improved,Report the discrepancy as an issue and ask the PMO to select the official source before changing the defect totals,,0,A,"Reconcile the defect data immediately, identify the workflow barriers, and establish one controlled source for future reporting","The immediate need is accurate, transparent reporting. The project manager should reconcile the data now while also addressing why the controlled process is not being used.",PMI-PMP-2026-ECO | P8 People Task 8 - Plan and manage communication | pp. 7-8,PMI-PMP-2026-ECO | P8 People Task 8 - Plan and manage communication | pp. 7-8,,pp. 7-8,,,"{""d"":""people"",""t"":""Transparency"",""a"":""hybrid"",""q"":""The delivery team maintains an unofficial defect spreadsheet because the formal tool is slow and difficult to use. The spreadsheet contains valid defects missing from leadership reports, and the reporting deadline is tomorrow. What should the project manager do first?"",""o"":[""Reconcile the defect data immediately, identify the workflow barriers, and establish one controlled source for future reporting"",""Require immediate use of the formal tool and audit all prior defects before correcting the leadership report"",""Use the spreadsheet for tomorrow's report and postpone reconciliation until the formal tool can be improved"",""Report the discrepancy as an issue and ask the PMO to select the official source before changing the defect totals""],""x"":0,""r"":""The immediate need is accurate, transparent reporting. The project manager should reconcile the data now while also addressing why the controlled process is not being used."",""task"":""P8"",""taskLabel"":""People Task 8 - Plan and manage communication"",""rule"":""Communication is effective only when it supports the receiver\\u2019s decision need."",""format"":""Scenario"",""difficulty"":""Moderate-Hard"",""pattern"":""content""}"
D1-014,Diagnostic 1,14,draft,,,people,Stakeholder Trust,P6,People Task 6 - Manage stakeholder expectations,predictive,content,Scenario,Moderate-Hard,"A business leader who owns a benefit the project is expected to deliver says the mandated PMO dashboard is accurate but useless to her, because it reports variance without stating what decisions she must make or what benefit is at risk. The PMO has denied a template exception. What should the project manager do?",Record in the communications management plan that the dashboard does not meet the benefit owner's requirements and continue reporting as mandated,"Continue producing the mandated dashboard and add a tailored decision and benefit briefing for the leader, drawn from the same underlying data","Escalate the template limitation to the PMO's governance sponsor, since the mandated artifact does not meet a benefit owner's needs","Ask the business leader to attend the project status meeting, where decisions and benefit exposure are discussed in detail",,1,B,"Continue producing the mandated dashboard and add a tailored decision and benefit briefing for the leader, drawn from the same underlying data","Required artifacts and tailored communication are not mutually exclusive. The project manager satisfies the PMO requirement while meeting the stakeholder's decision needs, rather than fighting the template, relocating the problem, or documenting it and moving on.",PMI-PMP-2026-ECO | P6 People Task 6 - Manage stakeholder expectations | pp. 7-8,PMI-PMP-2026-ECO | P6 People Task 6 - Manage stakeholder expectations | pp. 7-8,,pp. 7-8,,,"{""d"":""people"",""t"":""Stakeholder Trust"",""a"":""predictive"",""q"":""A business leader who owns a benefit the project is expected to deliver says the mandated PMO dashboard is accurate but useless to her, because it reports variance without stating what decisions she must make or what benefit is at risk. The PMO has denied a template exception. What should the project manager do?"",""o"":[""Record in the communications management plan that the dashboard does not meet the benefit owner's requirements and continue reporting as mandated"",""Continue producing the mandated dashboard and add a tailored decision and benefit briefing for the leader, drawn from the same underlying data"",""Escalate the template limitation to the PMO's governance sponsor, since the mandated artifact does not meet a benefit owner's needs"",""Ask the business leader to attend the project status meeting, where decisions and benefit exposure are discussed in detail""],""x"":1,""r"":""Required artifacts and tailored communication are not mutually exclusive. The project manager satisfies the PMO requirement while meeting the stakeholder's decision needs, rather than fighting the template, relocating the problem, or documenting it and moving on."",""task"":""P6"",""taskLabel"":""People Task 6 - Manage stakeholder expectations"",""rule"":""Manage expectations continuously through feedback, satisfaction monitoring, and correction."",""format"":""Scenario"",""difficulty"":""Moderate-Hard"",""pattern"":""content""}"
D1-015,Diagnostic 1,15,draft,,,people,Psychological Safety,P3,People Task 3 - Lead the project team,adaptive,content,Scenario,Moderate-Hard,"A diverse team previously generated strong design debate, but several members now withhold concerns because disagreement has recently been treated as personal criticism. Decisions are faster, yet rework is increasing. What should the project manager do first?",Assign a single decision owner for each design topic and gather objections after decisions are made,Coach the most vocal and quietest members separately while leaving the current decision process unchanged,"Facilitate new working agreements for constructive dissent, use explicit decision criteria, and ensure balanced participation",Rotate meeting facilitators and collect written input before design meetings so quieter members can contribute,,2,C,"Facilitate new working agreements for constructive dissent, use explicit decision criteria, and ensure balanced participation","The project manager should address the team system causing suppressed viewpoints. Structured dissent, clear criteria, and balanced participation restore safety without eliminating accountability.",PMI-PMP-2026-ECO | P3 People Task 3 - Lead the project team | pp. 7-8,PMI-PMP-2026-ECO | P3 People Task 3 - Lead the project team | pp. 7-8,,pp. 7-8,,,"{""d"":""people"",""t"":""Psychological Safety"",""a"":""adaptive"",""q"":""A diverse team previously generated strong design debate, but several members now withhold concerns because disagreement has recently been treated as personal criticism. Decisions are faster, yet rework is increasing. What should the project manager do first?"",""o"":[""Assign a single decision owner for each design topic and gather objections after decisions are made"",""Coach the most vocal and quietest members separately while leaving the current decision process unchanged"",""Facilitate new working agreements for constructive dissent, use explicit decision criteria, and ensure balanced participation"",""Rotate meeting facilitators and collect written input before design meetings so quieter members can contribute""],""x"":2,""r"":""The project manager should address the team system causing suppressed viewpoints. Structured dissent, clear criteria, and balanced participation restore safety without eliminating accountability."",""task"":""P3"",""taskLabel"":""People Task 3 - Lead the project team"",""rule"":""Lead the people before managing the work: support, empower, coach, clarify, and build capability."",""format"":""Scenario"",""difficulty"":""Moderate-Hard"",""pattern"":""content""}"
D1-016,Diagnostic 1,16,draft,,,people,External Stakeholder Governance,P4,People Task 4 - Engage stakeholders,hybrid,content,Scenario,Moderate-Hard,A community group affected by a rollout has been engaged and its concerns analyzed. The analysis shows the concerns will delay a required permit unless the project commits to a revised construction schedule and a public communication program. Both commitments exceed the project manager's authority. The sponsor is traveling for two weeks and the permit application is due in five days. What should the project manager do next?,"Make the public communication commitment, which sits within the project's communication budget, and hold the schedule commitment for the sponsor","Request an extension to the permit deadline from the issuing authority, so that the decision can wait until the sponsor returns in two weeks",Submit the permit application on the current basis and add the community concerns to the issue log for resolution when the sponsor returns,"Route the permit exposure, the two commitments, and their cost and schedule impacts through the governance escalation path so an authorized decision is made before the deadline",,3,D,"Route the permit exposure, the two commitments, and their cost and schedule impacts through the governance escalation path so an authorized decision is made before the deadline","Analysis is complete and the decision is outside the project manager's authority, so it goes to governance now. The sponsor's absence does not suspend the escalation path, and splitting the commitments or filing regardless both act without authority.",PMI-PMP-2026-ECO | P4 People Task 4 - Engage stakeholders | pp. 7-8,PMI-PMP-2026-ECO | P4 People Task 4 - Engage stakeholders | pp. 7-8,,pp. 7-8,,,"{""d"":""people"",""t"":""External Stakeholder Governance"",""a"":""hybrid"",""q"":""A community group affected by a rollout has been engaged and its concerns analyzed. The analysis shows the concerns will delay a required permit unless the project commits to a revised construction schedule and a public communication program. Both commitments exceed the project manager's authority. The sponsor is traveling for two weeks and the permit application is due in five days. What should the project manager do next?"",""o"":[""Make the public communication commitment, which sits within the project's communication budget, and hold the schedule commitment for the sponsor"",""Request an extension to the permit deadline from the issuing authority, so that the decision can wait until the sponsor returns in two weeks"",""Submit the permit application on the current basis and add the community concerns to the issue log for resolution when the sponsor returns"",""Route the permit exposure, the two commitments, and their cost and schedule impacts through the governance escalation path so an authorized decision is made before the deadline""],""x"":3,""r"":""Analysis is complete and the decision is outside the project manager's authority, so it goes to governance now. The sponsor's absence does not suspend the escalation path, and splitting the commitments or filing regardless both act without authority."",""task"":""P4"",""taskLabel"":""People Task 4 - Engage stakeholders"",""rule"":""Engage stakeholders based on interest, power, influence, resistance, and impact."",""format"":""Scenario"",""difficulty"":""Moderate-Hard"",""pattern"":""content""}"
D1-017,Diagnostic 1,17,draft,,,people,Common Vision,P1,People Task 1 - Develop a common vision,adaptive,content,Scenario,Moderate-Hard,"An agile team is completing backlog items at a stable velocity, but team members give different answers when asked what customer outcome the release is intended to achieve. Stakeholders continue approving demonstrations. What should the project manager do first?","Facilitate alignment with the product owner, team, and key stakeholders on the release outcome and measurable value",Map completed backlog items to the existing product roadmap and use the mapping to confirm the current direction,Ask the product owner to write an outcome statement and distribute it before the next sprint planning event,Complete the current sprint and add a release-outcome discussion to the next retrospective,,0,A,"Facilitate alignment with the product owner, team, and key stakeholders on the release outcome and measurable value",Stable delivery does not prove shared purpose. The first step is collaborative alignment on the intended outcome and how value will be measured.,PMI-PMP-2026-ECO | P1 People Task 1 - Develop a common vision | pp. 7-8,PMI-PMP-2026-ECO | P1 People Task 1 - Develop a common vision | pp. 7-8,,pp. 7-8,,,"{""d"":""people"",""t"":""Common Vision"",""a"":""adaptive"",""q"":""An agile team is completing backlog items at a stable velocity, but team members give different answers when asked what customer outcome the release is intended to achieve. Stakeholders continue approving demonstrations. What should the project manager do first?"",""o"":[""Facilitate alignment with the product owner, team, and key stakeholders on the release outcome and measurable value"",""Map completed backlog items to the existing product roadmap and use the mapping to confirm the current direction"",""Ask the product owner to write an outcome statement and distribute it before the next sprint planning event"",""Complete the current sprint and add a release-outcome discussion to the next retrospective""],""x"":0,""r"":""Stable delivery does not prove shared purpose. The first step is collaborative alignment on the intended outcome and how value will be measured."",""task"":""P1"",""taskLabel"":""People Task 1 - Develop a common vision"",""rule"":""Create shared understanding before optimizing local choices."",""format"":""Scenario"",""difficulty"":""Moderate-Hard"",""pattern"":""content""}"
D1-018,Diagnostic 1,18,draft,,,process,Integrated Planning,PR1,Process Task 1 - Integrated plan and delivery,hybrid,content,Scenario,Moderate-Hard,"A project combines an AI-assisted triage capability delivered adaptively, a data-center migration with a contractually fixed cutover date, and a sustainability commitment in the business case. Each workstream has a competent plan and a named lead. Two leads have already made scheduling decisions that the third lead learned about only afterward. What should the project manager do first?",Assign a single lead across all three workstreams so that scheduling decisions are made by one accountable person,"Establish an integrated plan that reconciles cross-workstream dependencies, decision rights, and information flow against the expected business value","Keep the migration on a predictive baseline and move the other two to adaptive delivery, so each workstream has an approach matched to its uncertainty",Introduce a weekly cross-workstream coordination meeting and require leads to bring scheduling decisions to it before committing,,1,B,"Establish an integrated plan that reconciles cross-workstream dependencies, decision rights, and information flow against the expected business value","Competent individual plans are not an integrated plan. Dependencies, decision rights, and value must be reconciled first. A coordination meeting is a mechanism without that reconciliation, and reorganizing leadership or approach does not resolve the dependency blindness.",PMI-PMP-2026-ECO | PR1 Process Task 1 - Integrated plan and delivery | pp. 9-10,PMI-PMP-2026-ECO | PR1 Process Task 1 - Integrated plan and delivery | pp. 9-10,,pp. 9-10,,,"{""d"":""process"",""t"":""Integrated Planning"",""a"":""hybrid"",""q"":""A project combines an AI-assisted triage capability delivered adaptively, a data-center migration with a contractually fixed cutover date, and a sustainability commitment in the business case. Each workstream has a competent plan and a named lead. Two leads have already made scheduling decisions that the third lead learned about only afterward. What should the project manager do first?"",""o"":[""Assign a single lead across all three workstreams so that scheduling decisions are made by one accountable person"",""Establish an integrated plan that reconciles cross-workstream dependencies, decision rights, and information flow against the expected business value"",""Keep the migration on a predictive baseline and move the other two to adaptive delivery, so each workstream has an approach matched to its uncertainty"",""Introduce a weekly cross-workstream coordination meeting and require leads to bring scheduling decisions to it before committing""],""x"":1,""r"":""Competent individual plans are not an integrated plan. Dependencies, decision rights, and value must be reconciled first. A coordination meeting is a mechanism without that reconciliation, and reorganizing leadership or approach does not resolve the dependency blindness."",""task"":""PR1"",""taskLabel"":""Process Task 1 - Integrated plan and delivery"",""rule"":""Choose the delivery approach from project context, uncertainty, governance, constraints, and dependencies."",""format"":""Scenario"",""difficulty"":""Moderate-Hard"",""pattern"":""content""}"
D1-019,Diagnostic 1,19,draft,,,process,Development Approach,PR1,Process Task 1 - Integrated plan and delivery,hybrid,content,Scenario,Moderate-Hard,Regulatory reporting requirements are stable and must produce auditable evidence at defined checkpoints. Customer analytics requirements are unstable and require experimentation with real users. Both share one data platform and one team. Governance has asked the project manager to recommend a development approach. What should the project manager recommend?,"A predictive approach with a formally controlled backlog for the analytics work, so a single governance model applies to the shared platform","An adaptive approach with the compliance evidence produced as a definition-of-done criterion in each iteration, so that experimentation on the analytics work is not constrained","A hybrid approach, with predictive controls governing the regulatory work and adaptive delivery for the analytics work, defining how the shared platform and team are managed across both",Deferring the approach decision until the analytics requirements are defined well enough to allow a consistent approach across the project,,2,C,"A hybrid approach, with predictive controls governing the regulatory work and adaptive delivery for the analytics work, defining how the shared platform and team are managed across both","Different certainty and governance needs in one project point to a hybrid approach, and the shared platform and team make the interface between the two the real design question. A single approach forces one side of the work into the wrong model, and deferring leaves the team without a way to start.",PMI-PMP-2026-ECO | PR1 Process Task 1 - Integrated plan and delivery | pp. 9-10,PMI-PMP-2026-ECO | PR1 Process Task 1 - Integrated plan and delivery | pp. 9-10,,pp. 9-10,,,"{""d"":""process"",""t"":""Development Approach"",""a"":""hybrid"",""q"":""Regulatory reporting requirements are stable and must produce auditable evidence at defined checkpoints. Customer analytics requirements are unstable and require experimentation with real users. Both share one data platform and one team. Governance has asked the project manager to recommend a development approach. What should the project manager recommend?"",""o"":[""A predictive approach with a formally controlled backlog for the analytics work, so a single governance model applies to the shared platform"",""An adaptive approach with the compliance evidence produced as a definition-of-done criterion in each iteration, so that experimentation on the analytics work is not constrained"",""A hybrid approach, with predictive controls governing the regulatory work and adaptive delivery for the analytics work, defining how the shared platform and team are managed across both"",""Deferring the approach decision until the analytics requirements are defined well enough to allow a consistent approach across the project""],""x"":2,""r"":""Different certainty and governance needs in one project point to a hybrid approach, and the shared platform and team make the interface between the two the real design question. A single approach forces one side of the work into the wrong model, and deferring leaves the team without a way to start."",""task"":""PR1"",""taskLabel"":""Process Task 1 - Integrated plan and delivery"",""rule"":""Choose the delivery approach from project context, uncertainty, governance, constraints, and dependencies."",""format"":""Scenario"",""difficulty"":""Moderate-Hard"",""pattern"":""content""}"
D1-020,Diagnostic 1,20,draft,,,business,Continuous Improvement,BE6,Business Environment Task 6 - Continuous improvement,predictive,content,Scenario,Moderate-Hard,"A project team implemented a workaround that reduced queue delays during the last release. In the next planning session, the same delay pattern appears in a different workstream. What should the project manager do first?","Wait until the current workstream misses a milestone before changing the delivery approach, while monitoring the exposure and updating the relevant project records.","Document the workaround only in the final lessons learned repository after project closure, while documenting the assumptions and communicating the decision to affected stakeholders.","Ask the sponsor to approve a new baseline because the prior workaround changed the original plan, using the current summary and documenting the resulting decision path.","Use the prior evidence to adapt the delivery process, define how the improvement will be measured, and share the lesson with the affected team",,3,D,"Use the prior evidence to adapt the delivery process, define how the improvement will be measured, and share the lesson with the affected team","Continuous improvement happens during the project, not only at closure. Evidence from prior work should be used to improve the delivery system and then measured.",PMI-PMP-2026-ECO | BE6 Business Environment Task 6 - Continuous improvement | pp. 11-12,PMI-PMP-2026-ECO | BE6 Business Environment Task 6 - Continuous improvement | pp. 11-12,,pp. 11-12,,,"{""d"":""business"",""t"":""Continuous Improvement"",""a"":""predictive"",""q"":""A project team implemented a workaround that reduced queue delays during the last release. In the next planning session, the same delay pattern appears in a different workstream. What should the project manager do first?"",""o"":[""Wait until the current workstream misses a milestone before changing the delivery approach, while monitoring the exposure and updating the relevant project records."",""Document the workaround only in the final lessons learned repository after project closure, while documenting the assumptions and communicating the decision to affected stakeholders."",""Ask the sponsor to approve a new baseline because the prior workaround changed the original plan, using the current summary and documenting the resulting decision path."",""Use the prior evidence to adapt the delivery process, define how the improvement will be measured, and share the lesson with the affected team""],""x"":3,""r"":""Continuous improvement happens during the project, not only at closure. Evidence from prior work should be used to improve the delivery system and then measured."",""task"":""BE6"",""taskLabel"":""Business Environment Task 6 - Continuous improvement"",""rule"":""Continuous improvement uses evidence and lessons learned to improve future work."",""format"":""Scenario"",""difficulty"":""Moderate-Hard"",""pattern"":""content""}"
D1-021,Diagnostic 1,21,draft,,,process,Value Delivery,PR3,Process Task 3 - Value-based delivery,adaptive,content,Scenario,Moderate-Hard,"An adaptive team can release a narrow workflow in three weeks that removes a manual step for one user group, or a complete integration in eight weeks that serves all groups. The support organization says a partial release will generate confusion and has not budgeted for the additional call volume. Benefits data shows the manual step is the largest single cost driver. What should the project manager do first?","Evaluate the earlier benefit against user readiness, support capacity, and benefit measurement, and bring the release options and their tradeoffs to the product owner and sponsor for decision","Release the narrow workflow to a limited pilot group, so that benefits can begin accruing without exposing the support organization to the full additional call volume","Deliver the complete integration in eight weeks, since the support organization cannot absorb a partial release, while documenting the assumptions and communicating the decision to affected stakeholders.","Release the narrow workflow in three weeks, since it addresses the largest cost driver and starts benefits realization earlier, then update the affected plans and communicate the rationale to stakeholders.",,0,A,"Evaluate the earlier benefit against user readiness, support capacity, and benefit measurement, and bring the release options and their tradeoffs to the product owner and sponsor for decision","Earlier value and organizational readiness are in genuine tension, and neither the team nor the support organization owns that tradeoff alone. A pilot is a plausible option but is being chosen before the tradeoff is understood or the decision is made by those accountable for it.",PMI-PMP-2026-ECO | PR3 Process Task 3 - Value-based delivery | pp. 9-10,PMI-PMP-2026-ECO | PR3 Process Task 3 - Value-based delivery | pp. 9-10,,pp. 9-10,,,"{""d"":""process"",""t"":""Value Delivery"",""a"":""adaptive"",""q"":""An adaptive team can release a narrow workflow in three weeks that removes a manual step for one user group, or a complete integration in eight weeks that serves all groups. The support organization says a partial release will generate confusion and has not budgeted for the additional call volume. Benefits data shows the manual step is the largest single cost driver. What should the project manager do first?"",""o"":[""Evaluate the earlier benefit against user readiness, support capacity, and benefit measurement, and bring the release options and their tradeoffs to the product owner and sponsor for decision"",""Release the narrow workflow to a limited pilot group, so that benefits can begin accruing without exposing the support organization to the full additional call volume"",""Deliver the complete integration in eight weeks, since the support organization cannot absorb a partial release, while documenting the assumptions and communicating the decision to affected stakeholders."",""Release the narrow workflow in three weeks, since it addresses the largest cost driver and starts benefits realization earlier, then update the affected plans and communicate the rationale to stakeholders.""],""x"":0,""r"":""Earlier value and organizational readiness are in genuine tension, and neither the team nor the support organization owns that tradeoff alone. A pilot is a plausible option but is being chosen before the tradeoff is understood or the decision is made by those accountable for it."",""task"":""PR3"",""taskLabel"":""Process Task 3 - Value-based delivery"",""rule"":""Value-based delivery protects outcomes and benefits, not only task completion."",""format"":""Scenario"",""difficulty"":""Moderate-Hard"",""pattern"":""content""}"
D1-022,Diagnostic 1,22,draft,,,process,Resource Management,PR4,Process Task 4 - Resources,predictive,content,Scenario,Moderate-Hard,"A specialist analyst is baselined at 50% allocation. For six weeks, operational escalations have consumed nearly all of the analyst's time. The functional manager has told the analyst that operations comes first. The schedule still assumes 50% and shows no variance, because the analyst has been working evenings to stay on track. What should the project manager do first?",Reassign the analyst's non-specialist tasks to other team members so the remaining capacity is used only on specialist work,"Establish actual and forecast availability, quantify the schedule and sustainability exposure, and take the conflict to the governance path that can resolve it","Escalate to the functional manager's superior, since the 50% allocation was formally committed to the project and is not being honoured","Rebaseline the schedule using the analyst's actual availability, and report the resulting variance and forecast slip to the sponsor",,1,B,"Establish actual and forecast availability, quantify the schedule and sustainability exposure, and take the conflict to the governance path that can resolve it","The schedule looks healthy only because an individual is absorbing the gap, which is neither sustainable nor transparent. The project manager must establish the real position and route the conflict through governance. Rebaselining, redistributing work, or escalating over the functional manager all move before the exposure is quantified.",PMI-PMP-2026-ECO | PR4 Process Task 4 - Resources | pp. 9-10,PMI-PMP-2026-ECO | PR4 Process Task 4 - Resources | pp. 9-10,,pp. 9-10,,,"{""d"":""process"",""t"":""Resource Management"",""a"":""predictive"",""q"":""A specialist analyst is baselined at 50% allocation. For six weeks, operational escalations have consumed nearly all of the analyst's time. The functional manager has told the analyst that operations comes first. The schedule still assumes 50% and shows no variance, because the analyst has been working evenings to stay on track. What should the project manager do first?"",""o"":[""Reassign the analyst's non-specialist tasks to other team members so the remaining capacity is used only on specialist work"",""Establish actual and forecast availability, quantify the schedule and sustainability exposure, and take the conflict to the governance path that can resolve it"",""Escalate to the functional manager's superior, since the 50% allocation was formally committed to the project and is not being honoured"",""Rebaseline the schedule using the analyst's actual availability, and report the resulting variance and forecast slip to the sponsor""],""x"":1,""r"":""The schedule looks healthy only because an individual is absorbing the gap, which is neither sustainable nor transparent. The project manager must establish the real position and route the conflict through governance. Rebaselining, redistributing work, or escalating over the functional manager all move before the exposure is quantified."",""task"":""PR4"",""taskLabel"":""Process Task 4 - Resources"",""rule"":""Resource choices start with need, capability, availability, and constraints."",""format"":""Scenario"",""difficulty"":""Moderate-Hard"",""pattern"":""content""}"
D1-023,Diagnostic 1,23,draft,,,process,Procurement Acceptance,PR5,Process Task 5 - Procurement,hybrid,content,Scenario,Moderate-Hard,"A vendor deliverable meets the narrow technical acceptance metric, but production-like validation confirms model drift that violates the business objective in the procurement statement of work. Contract terms allow acceptance to be withheld for failure to satisfy defined business outcomes. What should the project manager do?",Accept conditionally while requiring corrective action before final acceptance,"Accept the deliverable, since the numerical acceptance metric was met",Withhold acceptance and initiate the contract remedy path with the documented validation evidence,Ask the internal team to correct the model after accepting the vendor deliverable,,2,C,Withhold acceptance and initiate the contract remedy path with the documented validation evidence,"When contract terms allow acceptance to be withheld for failure to satisfy business outcomes, the project manager should follow the contract remedy path rather than accept conditionally.",PMI-PMP-2026-ECO | PR5 Process Task 5 - Procurement | pp. 9-10,PMI-PMP-2026-ECO | PR5 Process Task 5 - Procurement | pp. 9-10,,pp. 9-10,,,"{""d"":""process"",""t"":""Procurement Acceptance"",""a"":""hybrid"",""q"":""A vendor deliverable meets the narrow technical acceptance metric, but production-like validation confirms model drift that violates the business objective in the procurement statement of work. Contract terms allow acceptance to be withheld for failure to satisfy defined business outcomes. What should the project manager do?"",""o"":[""Accept conditionally while requiring corrective action before final acceptance"",""Accept the deliverable, since the numerical acceptance metric was met"",""Withhold acceptance and initiate the contract remedy path with the documented validation evidence"",""Ask the internal team to correct the model after accepting the vendor deliverable""],""x"":2,""r"":""When contract terms allow acceptance to be withheld for failure to satisfy business outcomes, the project manager should follow the contract remedy path rather than accept conditionally."",""task"":""PR5"",""taskLabel"":""Process Task 5 - Procurement"",""rule"":""Procurement follows the agreement and contract-management process."",""format"":""Scenario"",""difficulty"":""Moderate-Hard"",""pattern"":""content""}"
D1-024,Diagnostic 1,24,draft,,,process,Financial Governance,PR6,Process Task 6 - Finance,predictive,quantitative,Scenario,Moderate-Hard,"Reserve analysis shows contingency is being consumed faster than planned. If current response costs continue, the project is likely to reach a governance threshold during the next reporting cycle, although the approved budget has not yet been exceeded. What should the project manager do?",Apply temporary cost restrictions within project authority and involve governance only if the threshold is actually crossed,"Request release of management reserve now, since the forecast demonstrates that additional funding will be needed",Revise the risk responses to remain below the threshold and include the change in the normal status report,Report the forecasted exposure with response options and a recommended reserve strategy through the governance process,,3,D,Report the forecasted exposure with response options and a recommended reserve strategy through the governance process,"A forecasted governance exposure should be reported with analysis and options. The project manager should not unilaterally release reserves, conceal the forecast through local adjustments, or wait for an actual breach.",PMI-PMP-2026-ECO | PR6 Process Task 6 - Finance | pp. 9-10,PMI-PMP-2026-ECO | PR6 Process Task 6 - Finance | pp. 9-10,,pp. 9-10,,,"{""d"":""process"",""t"":""Financial Governance"",""a"":""predictive"",""q"":""Reserve analysis shows contingency is being consumed faster than planned. If current response costs continue, the project is likely to reach a governance threshold during the next reporting cycle, although the approved budget has not yet been exceeded. What should the project manager do?"",""o"":[""Apply temporary cost restrictions within project authority and involve governance only if the threshold is actually crossed"",""Request release of management reserve now, since the forecast demonstrates that additional funding will be needed"",""Revise the risk responses to remain below the threshold and include the change in the normal status report"",""Report the forecasted exposure with response options and a recommended reserve strategy through the governance process""],""x"":3,""r"":""A forecasted governance exposure should be reported with analysis and options. The project manager should not unilaterally release reserves, conceal the forecast through local adjustments, or wait for an actual breach."",""task"":""PR6"",""taskLabel"":""Process Task 6 - Finance"",""rule"":""Financial decisions use baselines, forecasts, reserves, and governance."",""format"":""Scenario"",""difficulty"":""Moderate-Hard"",""pattern"":""quantitative""}"
D1-025,Diagnostic 1,25,draft,,,process,Quality,PR7,Process Task 7 - Quality,hybrid,content,Scenario,Moderate-Hard,"All deliverables have passed verification against documented requirements. Post-pilot observation shows users complete the task in a sequence the requirements did not anticipate, and the solution will therefore deliver roughly half the expected efficiency benefit. Acceptance criteria have been met and the customer has raised no objection. What should the project manager do first?","Determine whether the acceptance criteria adequately represent fitness for use, quantify the benefit gap, and present options to the sponsor and benefit owner","Proceed with acceptance, since the deliverables conform to the agreed criteria, and record the benefit shortfall for the operations owner",Reopen requirements elicitation with the pilot users and raise change requests for the workflow differences observed,"Escalate to governance, since the project will not deliver the benefits in the business case despite meeting its requirements",,0,A,"Determine whether the acceptance criteria adequately represent fitness for use, quantify the benefit gap, and present options to the sponsor and benefit owner","Conformance to requirements is not the same as fitness for use, and the benefit gap is the project manager's problem even though no one has complained. The gap must be quantified and options developed before reopening requirements or escalating a conclusion.",PMI-PMP-2026-ECO | PR7 Process Task 7 - Quality | pp. 9-10,PMI-PMP-2026-ECO | PR7 Process Task 7 - Quality | pp. 9-10,,pp. 9-10,,,"{""d"":""process"",""t"":""Quality"",""a"":""hybrid"",""q"":""All deliverables have passed verification against documented requirements. Post-pilot observation shows users complete the task in a sequence the requirements did not anticipate, and the solution will therefore deliver roughly half the expected efficiency benefit. Acceptance criteria have been met and the customer has raised no objection. What should the project manager do first?"",""o"":[""Determine whether the acceptance criteria adequately represent fitness for use, quantify the benefit gap, and present options to the sponsor and benefit owner"",""Proceed with acceptance, since the deliverables conform to the agreed criteria, and record the benefit shortfall for the operations owner"",""Reopen requirements elicitation with the pilot users and raise change requests for the workflow differences observed"",""Escalate to governance, since the project will not deliver the benefits in the business case despite meeting its requirements""],""x"":0,""r"":""Conformance to requirements is not the same as fitness for use, and the benefit gap is the project manager's problem even though no one has complained. The gap must be quantified and options developed before reopening requirements or escalating a conclusion."",""task"":""PR7"",""taskLabel"":""Process Task 7 - Quality"",""rule"":""Quality means fitness for use and agreed acceptance criteria."",""format"":""Scenario"",""difficulty"":""Moderate-Hard"",""pattern"":""content""}"
D1-026,Diagnostic 1,26,draft,,,process,Schedule,PR8,Process Task 8 - Schedule,predictive,quantitative,Scenario,Moderate-Hard,An external dependency is forecast to slip by four weeks. It feeds two components: one on the critical path and one optional. The other project's manager has not confirmed the forecast and says a recovery plan is being prepared. Your next governance report is in three days. What should the project manager do first?,"Wait for the other project's recovery plan before reporting, so that the governance report reflects a confirmed forecast rather than an unverified slip","Analyze the dependency against float and release options, develop response alternatives with their impacts, and report the exposure and options in governance","Escalate to the sponsor now, since another project is creating schedule risk the project cannot control",Report the full four-week schedule impact in the governance report and request the corresponding change to the committed release date,,1,B,"Analyze the dependency against float and release options, develop response alternatives with their impacts, and report the exposure and options in governance","An unconfirmed forecast is still exposure, and it must be analyzed rather than either passed through as a date change or held back pending certainty. Escalation without analysis gives the sponsor a problem instead of a decision.",PMI-PMP-2026-ECO | PR8 Process Task 8 - Schedule | pp. 9-10,PMI-PMP-2026-ECO | PR8 Process Task 8 - Schedule | pp. 9-10,,pp. 9-10,,,"{""d"":""process"",""t"":""Schedule"",""a"":""predictive"",""q"":""An external dependency is forecast to slip by four weeks. It feeds two components: one on the critical path and one optional. The other project's manager has not confirmed the forecast and says a recovery plan is being prepared. Your next governance report is in three days. What should the project manager do first?"",""o"":[""Wait for the other project's recovery plan before reporting, so that the governance report reflects a confirmed forecast rather than an unverified slip"",""Analyze the dependency against float and release options, develop response alternatives with their impacts, and report the exposure and options in governance"",""Escalate to the sponsor now, since another project is creating schedule risk the project cannot control"",""Report the full four-week schedule impact in the governance report and request the corresponding change to the committed release date""],""x"":1,""r"":""An unconfirmed forecast is still exposure, and it must be analyzed rather than either passed through as a date change or held back pending certainty. Escalation without analysis gives the sponsor a problem instead of a decision."",""task"":""PR8"",""taskLabel"":""Process Task 8 - Schedule"",""rule"":""Schedule control uses evidence, blockers, variance, forecasts, and transparent corrective action."",""format"":""Scenario"",""difficulty"":""Moderate-Hard"",""pattern"":""quantitative""}"
D1-027,Diagnostic 1,27,draft,,,process,Requirements Clarification,PR2,Process Task 2 - Scope,predictive,content,Scenario,Moderate-Hard,"Midway through development, the customer says a requirement for near real-time updates means five seconds. The architect designed for sixty seconds, and neither the requirements documentation nor the contract defines the term. Meeting the customer's interpretation may affect the critical path. What should the project manager do first?","Direct the team to meet the five-second expectation because the customer defines acceptance, then update the requirements documentation","Continue with the sixty-second design because it reflects the documented technical assumption, and defer clarification until formal validation","Facilitate clarification of the business need and acceptance criteria, document the agreed requirement, and then assess change impacts","Submit a change request for the five-second requirement, begin schedule analysis, and ask the customer to confirm acceptance criteria",,2,C,"Facilitate clarification of the business need and acceptance criteria, document the agreed requirement, and then assess change impacts","The requirement is ambiguous. The project manager should first establish a shared, testable interpretation before deciding whether a formal change and schedule response are required.",PMI-PMP-2026-ECO | PR2 Process Task 2 - Scope | pp. 9-10,PMI-PMP-2026-ECO | PR2 Process Task 2 - Scope | pp. 9-10,,pp. 9-10,,,"{""d"":""process"",""t"":""Requirements Clarification"",""a"":""predictive"",""q"":""Midway through development, the customer says a requirement for near real-time updates means five seconds. The architect designed for sixty seconds, and neither the requirements documentation nor the contract defines the term. Meeting the customer's interpretation may affect the critical path. What should the project manager do first?"",""o"":[""Direct the team to meet the five-second expectation because the customer defines acceptance, then update the requirements documentation"",""Continue with the sixty-second design because it reflects the documented technical assumption, and defer clarification until formal validation"",""Facilitate clarification of the business need and acceptance criteria, document the agreed requirement, and then assess change impacts"",""Submit a change request for the five-second requirement, begin schedule analysis, and ask the customer to confirm acceptance criteria""],""x"":2,""r"":""The requirement is ambiguous. The project manager should first establish a shared, testable interpretation before deciding whether a formal change and schedule response are required."",""task"":""PR2"",""taskLabel"":""Process Task 2 - Scope"",""rule"":""Scope must be agreed, controlled, and verified before unmanaged work enters delivery."",""format"":""Scenario"",""difficulty"":""Moderate-Hard"",""pattern"":""content""}"
D1-028,Diagnostic 1,28,draft,,,process,Backlog Prioritization,PR3,Process Task 3 - Value-based delivery,adaptive,content,Scenario,Moderate-Hard,The product owner prioritizes the backlog by responding to whichever stakeholder escalates most persistently. Benefits data indicates that a quieter customer segment drives most revenue retention. The product owner acknowledges the data but notes that the escalating stakeholder controls funding for the next release. What should the project manager do first?,"Reserve a fixed proportion of each iteration for the high-retention segment, so its features are not crowded out, while documenting the assumptions and communicating the decision to affected stakeholders.","Accept the current prioritization, since backlog priority is the product owner's accountability and funding is a legitimate input, then update the affected plans and communicate the rationale to stakeholders.",Present the benefits data to the sponsor and request a decision on whether the funding stakeholder's priorities should override the retention evidence for the coming release,"Facilitate a prioritization session in which the product owner applies explicit value criteria with the benefits data and the funding constraint both visible, and surface any remaining conflict for decision",,3,D,"Facilitate a prioritization session in which the product owner applies explicit value criteria with the benefits data and the funding constraint both visible, and surface any remaining conflict for decision","Funding influence is a real constraint, not something to be argued away, so it belongs inside an explicit prioritization rather than escalated around. A fixed allocation is a workaround, and deferring entirely to the product owner leaves the value evidence unused.",PMI-PMP-2026-ECO | PR3 Process Task 3 - Value-based delivery | pp. 9-10,PMI-PMP-2026-ECO | PR3 Process Task 3 - Value-based delivery | pp. 9-10,,pp. 9-10,,,"{""d"":""process"",""t"":""Backlog Prioritization"",""a"":""adaptive"",""q"":""The product owner prioritizes the backlog by responding to whichever stakeholder escalates most persistently. Benefits data indicates that a quieter customer segment drives most revenue retention. The product owner acknowledges the data but notes that the escalating stakeholder controls funding for the next release. What should the project manager do first?"",""o"":[""Reserve a fixed proportion of each iteration for the high-retention segment, so its features are not crowded out, while documenting the assumptions and communicating the decision to affected stakeholders."",""Accept the current prioritization, since backlog priority is the product owner's accountability and funding is a legitimate input, then update the affected plans and communicate the rationale to stakeholders."",""Present the benefits data to the sponsor and request a decision on whether the funding stakeholder's priorities should override the retention evidence for the coming release"",""Facilitate a prioritization session in which the product owner applies explicit value criteria with the benefits data and the funding constraint both visible, and surface any remaining conflict for decision""],""x"":3,""r"":""Funding influence is a real constraint, not something to be argued away, so it belongs inside an explicit prioritization rather than escalated around. A fixed allocation is a workaround, and deferring entirely to the product owner leaves the value evidence unused."",""task"":""PR3"",""taskLabel"":""Process Task 3 - Value-based delivery"",""rule"":""Value-based delivery protects outcomes and benefits, not only task completion."",""format"":""Scenario"",""difficulty"":""Moderate-Hard"",""pattern"":""content""}"
D1-029,Diagnostic 1,29,draft,,,process,Sustainability,PR1,Process Task 1 - Integrated plan and delivery,hybrid,content,Scenario,Moderate-Hard,"The approved business case commits the organization to a carbon-reduction target, but the target was never carried into the scope or schedule baselines. The team has selected a deployment option that satisfies the baselined schedule and is projected to exceed the carbon commitment by a material margin. The sponsor wants the schedule protected. What should the project manager do first?","Quantify the carbon variance and its benefit and reputational exposure, then present deployment alternatives with their schedule and cost impacts to the decision makers",Proceed with the baselined option and record the overage as a lesson learned for future projects,"Escalate to the sponsor as a scope change, since the sustainability target does not appear in any baseline","Raise a change request to add the carbon-reduction target to the scope baseline, so that the deployment options can then be evaluated against a controlled requirement",,0,A,"Quantify the carbon variance and its benefit and reputational exposure, then present deployment alternatives with their schedule and cost impacts to the decision makers","A business case commitment binds the project whether or not it reached a baseline. The exposure must be quantified and alternatives put in front of the decision makers. Fixing the baseline first is sequencing paperwork ahead of the decision, and proceeding treats an omission as permission.",PMI-PMP-2026-ECO | PR1 Process Task 1 - Integrated plan and delivery | pp. 9-10,PMI-PMP-2026-ECO | PR1 Process Task 1 - Integrated plan and delivery | pp. 9-10,,pp. 9-10,,,"{""d"":""process"",""t"":""Sustainability"",""a"":""hybrid"",""q"":""The approved business case commits the organization to a carbon-reduction target, but the target was never carried into the scope or schedule baselines. The team has selected a deployment option that satisfies the baselined schedule and is projected to exceed the carbon commitment by a material margin. The sponsor wants the schedule protected. What should the project manager do first?"",""o"":[""Quantify the carbon variance and its benefit and reputational exposure, then present deployment alternatives with their schedule and cost impacts to the decision makers"",""Proceed with the baselined option and record the overage as a lesson learned for future projects"",""Escalate to the sponsor as a scope change, since the sustainability target does not appear in any baseline"",""Raise a change request to add the carbon-reduction target to the scope baseline, so that the deployment options can then be evaluated against a controlled requirement""],""x"":0,""r"":""A business case commitment binds the project whether or not it reached a baseline. The exposure must be quantified and alternatives put in front of the decision makers. Fixing the baseline first is sequencing paperwork ahead of the decision, and proceeding treats an omission as permission."",""task"":""PR1"",""taskLabel"":""Process Task 1 - Integrated plan and delivery"",""rule"":""Choose the delivery approach from project context, uncertainty, governance, constraints, and dependencies."",""format"":""Scenario"",""difficulty"":""Moderate-Hard"",""pattern"":""content""}"
D1-030,Diagnostic 1,30,draft,,,process,AI Delivery Governance,PR9,Process Task 9 - Project status/artifacts,adaptive,content,Scenario,Moderate-Hard,"A team uses generative AI to draft customer communications. Organizational policy requires approved human review before any AI-assisted content is released externally, and no waiver has been granted. The product owner asks to release selected messages now to protect the launch date. What should the project manager do?",Release only messages above the model confidence threshold and schedule post-release sampling by the approved reviewers,"Hold the affected release, complete the required review, and update stakeholders on any launch impact",Release a limited sample to low-risk customers under enhanced monitoring while the formal human review continues,Replace the formal review with an independent business review and document the temporary control for this release,,1,B,"Hold the affected release, complete the required review, and update stakeholders on any launch impact","The approved external-content control applies before release. Risk segmentation, informal substitutions, or model confidence do not replace a mandatory human review.",PMI-PMP-2026-ECO | PR9 Process Task 9 - Project status/artifacts | pp. 9-10,PMI-PMP-2026-ECO | PR9 Process Task 9 - Project status/artifacts | pp. 9-10,,pp. 9-10,,,"{""d"":""process"",""t"":""AI Delivery Governance"",""a"":""adaptive"",""q"":""A team uses generative AI to draft customer communications. Organizational policy requires approved human review before any AI-assisted content is released externally, and no waiver has been granted. The product owner asks to release selected messages now to protect the launch date. What should the project manager do?"",""o"":[""Release only messages above the model confidence threshold and schedule post-release sampling by the approved reviewers"",""Hold the affected release, complete the required review, and update stakeholders on any launch impact"",""Release a limited sample to low-risk customers under enhanced monitoring while the formal human review continues"",""Replace the formal review with an independent business review and document the temporary control for this release""],""x"":1,""r"":""The approved external-content control applies before release. Risk segmentation, informal substitutions, or model confidence do not replace a mandatory human review."",""task"":""PR9"",""taskLabel"":""Process Task 9 - Project status/artifacts"",""rule"":""Status and artifacts must be accurate, useful, transparent, and decision-ready."",""format"":""Scenario"",""difficulty"":""Moderate-Hard"",""pattern"":""content""}"
D1-031,Diagnostic 1,31,draft,,,process,Artifacts,PR9,Process Task 9 - Project status/artifacts,hybrid,content,Scenario,Moderate-Hard,"A roadmap, a sprint backlog, a risk register, and a contract milestone log are each maintained by a different owner. Two of them now report different completion percentages for the same scope, and a stakeholder has quoted the more favorable figure to the customer. The next contract milestone review is in one week. What should the project manager do first?",Raise an issue and ask the PMO to determine which artifact is authoritative before the milestone review,"Designate the contract milestone log as the single source of truth for all external reporting, and require the other three artifacts to reconcile to it before each review","Correct the position given to the customer, then define artifact ownership, update cadence, and reconciliation points so a single reconciled view supports reporting",Consolidate the four artifacts into a single integrated tool so conflicting figures cannot be produced,,2,C,"Correct the position given to the customer, then define artifact ownership, update cadence, and reconciliation points so a single reconciled view supports reporting","An incorrect figure is already with the customer, so correction cannot wait for a structural fix, and the structural fix cannot be skipped once the correction is made. Naming an authoritative artifact or buying a tool addresses neither the immediate exposure nor the ownership gap that produced it.",PMI-PMP-2026-ECO | PR9 Process Task 9 - Project status/artifacts | pp. 9-10,PMI-PMP-2026-ECO | PR9 Process Task 9 - Project status/artifacts | pp. 9-10,,pp. 9-10,,,"{""d"":""process"",""t"":""Artifacts"",""a"":""hybrid"",""q"":""A roadmap, a sprint backlog, a risk register, and a contract milestone log are each maintained by a different owner. Two of them now report different completion percentages for the same scope, and a stakeholder has quoted the more favorable figure to the customer. The next contract milestone review is in one week. What should the project manager do first?"",""o"":[""Raise an issue and ask the PMO to determine which artifact is authoritative before the milestone review"",""Designate the contract milestone log as the single source of truth for all external reporting, and require the other three artifacts to reconcile to it before each review"",""Correct the position given to the customer, then define artifact ownership, update cadence, and reconciliation points so a single reconciled view supports reporting"",""Consolidate the four artifacts into a single integrated tool so conflicting figures cannot be produced""],""x"":2,""r"":""An incorrect figure is already with the customer, so correction cannot wait for a structural fix, and the structural fix cannot be skipped once the correction is made. Naming an authoritative artifact or buying a tool addresses neither the immediate exposure nor the ownership gap that produced it."",""task"":""PR9"",""taskLabel"":""Process Task 9 - Project status/artifacts"",""rule"":""Status and artifacts must be accurate, useful, transparent, and decision-ready."",""format"":""Scenario"",""difficulty"":""Moderate-Hard"",""pattern"":""content""}"
D1-032,Diagnostic 1,32,draft,,,process,Estimation,PR8,Process Task 8 - Schedule,adaptive,quantitative,Scenario,Moderate-Hard,A sponsor needs a completion date for a board commitment. The team has run two experiments in a new product area and the assumptions are still moving. The sponsor says the board will not accept a range and asks for the project manager's best single date. What should the project manager provide?,"The date the team considers achievable at high confidence, with the remaining uncertainty managed through schedule contingency and reviewed at each stage gate","The sponsor's preferred date, with a plan to manage scope so that something can be delivered by it","A statement that no reliable date can be given until discovery is complete, together with a committed date on which the first credible estimate will be available","A forecast with its assumptions and range, a proposed commitment date drawn from a stated confidence level, and the checkpoints at which the forecast will be refined",,3,D,"A forecast with its assumptions and range, a proposed commitment date drawn from a stated confidence level, and the checkpoints at which the forecast will be refined","The sponsor needs a single number, and the project manager can supply one — provided it is drawn from a stated confidence level and accompanied by the assumptions and refinement points behind it. A bare date, a refusal, or an accommodation of the sponsor's preference each strip away the basis the commitment depends on.",PMI-PMP-2026-ECO | PR8 Process Task 8 - Schedule | pp. 9-10,PMI-PMP-2026-ECO | PR8 Process Task 8 - Schedule | pp. 9-10,,pp. 9-10,,,"{""d"":""process"",""t"":""Estimation"",""a"":""adaptive"",""q"":""A sponsor needs a completion date for a board commitment. The team has run two experiments in a new product area and the assumptions are still moving. The sponsor says the board will not accept a range and asks for the project manager's best single date. What should the project manager provide?"",""o"":[""The date the team considers achievable at high confidence, with the remaining uncertainty managed through schedule contingency and reviewed at each stage gate"",""The sponsor's preferred date, with a plan to manage scope so that something can be delivered by it"",""A statement that no reliable date can be given until discovery is complete, together with a committed date on which the first credible estimate will be available"",""A forecast with its assumptions and range, a proposed commitment date drawn from a stated confidence level, and the checkpoints at which the forecast will be refined""],""x"":3,""r"":""The sponsor needs a single number, and the project manager can supply one — provided it is drawn from a stated confidence level and accompanied by the assumptions and refinement points behind it. A bare date, a refusal, or an accommodation of the sponsor's preference each strip away the basis the commitment depends on."",""task"":""PR8"",""taskLabel"":""Process Task 8 - Schedule"",""rule"":""Schedule control uses evidence, blockers, variance, forecasts, and transparent corrective action."",""format"":""Scenario"",""difficulty"":""Moderate-Hard"",""pattern"":""quantitative""}"
D1-033,Diagnostic 1,33,draft,,,process,Procurement Strategy,PR5,Process Task 5 - Procurement,predictive,content,Scenario,Moderate-Hard,"A sponsor wants a firm fixed-price contract for an exploratory design engagement because the budget is capped and cannot be exceeded. Requirements will change materially as the seller learns, and qualified sellers have signalled they will price heavy contingency into any fixed-price bid. What should the project manager recommend?","A contract strategy that holds the budget cap while accommodating change, such as a phased fixed-price approach with a defined design phase, or incentive terms with a not-to-exceed ceiling","Deferring the procurement until enough internal design work has been completed to define a stable statement of work, while documenting the assumptions and communicating the decision to affected stakeholders.","A cost-reimbursable contract, since the scope cannot be defined well enough to price on a fixed basis, while documenting the assumptions and communicating the decision to affected stakeholders.","A firm fixed-price contract with a detailed statement of work, since the budget cap is a hard constraint and the design risk transfers to the seller, who is best placed to price it",,0,A,"A contract strategy that holds the budget cap while accommodating change, such as a phased fixed-price approach with a defined design phase, or incentive terms with a not-to-exceed ceiling","Fixed price under high uncertainty does not transfer risk, it prices it, and the sellers have said so. Cost-reimbursable abandons the cap the sponsor cannot move. The strategy must satisfy both, which is what phased or incentive structures with a ceiling are for.",PMI-PMP-2026-ECO | PR5 Process Task 5 - Procurement | pp. 9-10,PMI-PMP-2026-ECO | PR5 Process Task 5 - Procurement | pp. 9-10,,pp. 9-10,,,"{""d"":""process"",""t"":""Procurement Strategy"",""a"":""predictive"",""q"":""A sponsor wants a firm fixed-price contract for an exploratory design engagement because the budget is capped and cannot be exceeded. Requirements will change materially as the seller learns, and qualified sellers have signalled they will price heavy contingency into any fixed-price bid. What should the project manager recommend?"",""o"":[""A contract strategy that holds the budget cap while accommodating change, such as a phased fixed-price approach with a defined design phase, or incentive terms with a not-to-exceed ceiling"",""Deferring the procurement until enough internal design work has been completed to define a stable statement of work, while documenting the assumptions and communicating the decision to affected stakeholders."",""A cost-reimbursable contract, since the scope cannot be defined well enough to price on a fixed basis, while documenting the assumptions and communicating the decision to affected stakeholders."",""A firm fixed-price contract with a detailed statement of work, since the budget cap is a hard constraint and the design risk transfers to the seller, who is best placed to price it""],""x"":0,""r"":""Fixed price under high uncertainty does not transfer risk, it prices it, and the sellers have said so. Cost-reimbursable abandons the cap the sponsor cannot move. The strategy must satisfy both, which is what phased or incentive structures with a ceiling are for."",""task"":""PR5"",""taskLabel"":""Process Task 5 - Procurement"",""rule"":""Procurement follows the agreement and contract-management process."",""format"":""Scenario"",""difficulty"":""Moderate-Hard"",""pattern"":""content""}"
D1-034,Diagnostic 1,34,draft,,,process,Quality Compliance,PR7,Process Task 7 - Quality,predictive,content,Scenario,Moderate-Hard,"An audit finds that all required quality checks were completed and no defects were found, but several checks were performed by technically qualified people who were not authorized in the quality plan. What should the project manager do?","Repeat every affected check with authorized reviewers immediately, then investigate why the quality plan was bypassed","Assess the process nonconformance and the product impact, correct the records or checks as required, and address the root cause","Accept the checks because qualified reviewers performed them, document the deviation, and update the authorization list for future work",Raise a change request to broaden reviewer authority for this work and close the audit finding once approval is obtained,,1,B,"Assess the process nonconformance and the product impact, correct the records or checks as required, and address the root cause","The project manager must evaluate both process and product impact, correct what is required, and prevent recurrence. Neither retroactive authorization nor automatic repetition alone resolves the nonconformance.",PMI-PMP-2026-ECO | PR7 Process Task 7 - Quality | pp. 9-10,PMI-PMP-2026-ECO | PR7 Process Task 7 - Quality | pp. 9-10,,pp. 9-10,,,"{""d"":""process"",""t"":""Quality Compliance"",""a"":""predictive"",""q"":""An audit finds that all required quality checks were completed and no defects were found, but several checks were performed by technically qualified people who were not authorized in the quality plan. What should the project manager do?"",""o"":[""Repeat every affected check with authorized reviewers immediately, then investigate why the quality plan was bypassed"",""Assess the process nonconformance and the product impact, correct the records or checks as required, and address the root cause"",""Accept the checks because qualified reviewers performed them, document the deviation, and update the authorization list for future work"",""Raise a change request to broaden reviewer authority for this work and close the audit finding once approval is obtained""],""x"":1,""r"":""The project manager must evaluate both process and product impact, correct what is required, and prevent recurrence. Neither retroactive authorization nor automatic repetition alone resolves the nonconformance."",""task"":""PR7"",""taskLabel"":""Process Task 7 - Quality"",""rule"":""Quality means fitness for use and agreed acceptance criteria."",""format"":""Scenario"",""difficulty"":""Moderate-Hard"",""pattern"":""content""}"
D1-035,Diagnostic 1,35,draft,,,process,Incremental Delivery Decision,PR3,Process Task 3 - Value-based delivery,adaptive,content,Scenario,Moderate-Hard,"A stakeholder objected to a partial release. The team completed readiness analysis, confirmed training is available, and demonstrated that releasing one workflow now will produce measurable benefits with manageable risk. What should the project manager do next?","Release the workflow immediately without further stakeholder communication, then update the affected plans and communicate the rationale to stakeholders.","Require the full release, since one stakeholder remains uncomfortable with a partial release","Seek approval for the incremental release using the documented readiness, risk, and benefits evidence","Cancel incremental delivery because consensus was not achieved, while documenting the assumptions and communicating the decision to affected stakeholders.",,2,C,"Seek approval for the incremental release using the documented readiness, risk, and benefits evidence","After analysis supports incremental value, the project manager should move the decision forward with evidence rather than restart analysis or bypass approval.",PMI-PMP-2026-ECO | PR3 Process Task 3 - Value-based delivery | pp. 9-10,PMI-PMP-2026-ECO | PR3 Process Task 3 - Value-based delivery | pp. 9-10,,pp. 9-10,,,"{""d"":""process"",""t"":""Incremental Delivery Decision"",""a"":""adaptive"",""q"":""A stakeholder objected to a partial release. The team completed readiness analysis, confirmed training is available, and demonstrated that releasing one workflow now will produce measurable benefits with manageable risk. What should the project manager do next?"",""o"":[""Release the workflow immediately without further stakeholder communication, then update the affected plans and communicate the rationale to stakeholders."",""Require the full release, since one stakeholder remains uncomfortable with a partial release"",""Seek approval for the incremental release using the documented readiness, risk, and benefits evidence"",""Cancel incremental delivery because consensus was not achieved, while documenting the assumptions and communicating the decision to affected stakeholders.""],""x"":2,""r"":""After analysis supports incremental value, the project manager should move the decision forward with evidence rather than restart analysis or bypass approval."",""task"":""PR3"",""taskLabel"":""Process Task 3 - Value-based delivery"",""rule"":""Value-based delivery protects outcomes and benefits, not only task completion."",""format"":""Scenario"",""difficulty"":""Moderate-Hard"",""pattern"":""content""}"
D1-036,Diagnostic 1,36,draft,,,process,Integrated Status,PR9,Process Task 9 - Project status/artifacts,hybrid,content,Scenario,Moderate-Hard,"Software increments are ahead of plan and customer demonstrations are receiving positive feedback, but data migration is behind and may delay the integrated release. Leadership asks the project manager to report the project as green because the visible product work is progressing well. What should the project manager do?",Report amber because any delay on a critical workstream requires the entire project to be amber,"Report green overall, and describe the data migration position as a workstream-level concern within the report narrative",Delay the status decision until the migration team has an approved recovery plan,Determine overall status from the integrated release forecast and disclose both the software progress and the migration exposure,,3,D,Determine overall status from the integrated release forecast and disclose both the software progress and the migration exposure,"Overall status should reflect the integrated outcome and forecast, not the most visible workstream or a single variance in isolation. Component performance and release impact should both be transparent.",PMI-PMP-2026-ECO | PR9 Process Task 9 - Project status/artifacts | pp. 9-10,PMI-PMP-2026-ECO | PR9 Process Task 9 - Project status/artifacts | pp. 9-10,,pp. 9-10,,,"{""d"":""process"",""t"":""Integrated Status"",""a"":""hybrid"",""q"":""Software increments are ahead of plan and customer demonstrations are receiving positive feedback, but data migration is behind and may delay the integrated release. Leadership asks the project manager to report the project as green because the visible product work is progressing well. What should the project manager do?"",""o"":[""Report amber because any delay on a critical workstream requires the entire project to be amber"",""Report green overall, and describe the data migration position as a workstream-level concern within the report narrative"",""Delay the status decision until the migration team has an approved recovery plan"",""Determine overall status from the integrated release forecast and disclose both the software progress and the migration exposure""],""x"":3,""r"":""Overall status should reflect the integrated outcome and forecast, not the most visible workstream or a single variance in isolation. Component performance and release impact should both be transparent."",""task"":""PR9"",""taskLabel"":""Process Task 9 - Project status/artifacts"",""rule"":""Status and artifacts must be accurate, useful, transparent, and decision-ready."",""format"":""Scenario"",""difficulty"":""Moderate-Hard"",""pattern"":""content""}"
D1-037,Diagnostic 1,37,draft,,,business,Continuous Improvement,BE6,Business Environment Task 6 - Continuous improvement,hybrid,content,Scenario,Moderate-Hard,"During a retrospective, the team identifies that defect rework is repeatedly caused by unclear acceptance examples. The product owner agrees the examples are inconsistent, but the next sprint is already planned. What should the project manager do?","Facilitate an improvement to the refinement process, agree how clearer examples will be checked, and review whether rework decreases",Continue with the planned sprint and capture the issue as a lesson learned for future projects,Ask quality assurance to absorb the additional testing effort so sprint commitments are protected,"Escalate the product owner for creating inconsistent acceptance examples, using the current summary and documenting the resulting decision path.",,0,A,"Facilitate an improvement to the refinement process, agree how clearer examples will be checked, and review whether rework decreases",Retrospective evidence should be converted into a specific process improvement with a way to verify whether the change worked.,PMI-PMP-2026-ECO | BE6 Business Environment Task 6 - Continuous improvement | pp. 11-12,PMI-PMP-2026-ECO | BE6 Business Environment Task 6 - Continuous improvement | pp. 11-12,,pp. 11-12,,,"{""d"":""business"",""t"":""Continuous Improvement"",""a"":""hybrid"",""q"":""During a retrospective, the team identifies that defect rework is repeatedly caused by unclear acceptance examples. The product owner agrees the examples are inconsistent, but the next sprint is already planned. What should the project manager do?"",""o"":[""Facilitate an improvement to the refinement process, agree how clearer examples will be checked, and review whether rework decreases"",""Continue with the planned sprint and capture the issue as a lesson learned for future projects"",""Ask quality assurance to absorb the additional testing effort so sprint commitments are protected"",""Escalate the product owner for creating inconsistent acceptance examples, using the current summary and documenting the resulting decision path.""],""x"":0,""r"":""Retrospective evidence should be converted into a specific process improvement with a way to verify whether the change worked."",""task"":""BE6"",""taskLabel"":""Business Environment Task 6 - Continuous improvement"",""rule"":""Continuous improvement uses evidence and lessons learned to improve future work."",""format"":""Scenario"",""difficulty"":""Moderate-Hard"",""pattern"":""content""}"
D1-038,Diagnostic 1,38,draft,,,business,Governance,BE1,Business Environment Task 1 - Governance,hybrid,content,Scenario,Moderate-Hard,"Backlog decisions on an adaptive project have begun altering commitments in a customer contract and a regulatory filing. The product owner argues that routing backlog changes to the steering committee will destroy the team's responsiveness, and notes that no change so far has actually breached a commitment. What should the project manager do first?","Require legal and compliance to review the backlog before each iteration begins, so that changes affecting commitments are caught before the team commits to them","Define governance thresholds identifying which backlog changes affect contracted or regulated commitments, escalate those, and leave decisions below the threshold with the product owner","Accept the product owner's position while no commitment has been breached, and introduce governance review only if a breach becomes likely","Add the contract and regulatory commitments to the team's definition of done, so that every increment is validated against them before it can be accepted or released",,1,B,"Define governance thresholds identifying which backlog changes affect contracted or regulated commitments, escalate those, and leave decisions below the threshold with the product owner","Governance should protect commitments that exceed team authority without governing everything. Thresholds do that. A definition-of-done criterion cannot authorize a contract change, blanket review destroys responsiveness, and waiting for a breach forfeits the control.",PMI-PMP-2026-ECO | BE1 Business Environment Task 1 - Governance | pp. 11-12,PMI-PMP-2026-ECO | BE1 Business Environment Task 1 - Governance | pp. 11-12,,pp. 11-12,,,"{""d"":""business"",""t"":""Governance"",""a"":""hybrid"",""q"":""Backlog decisions on an adaptive project have begun altering commitments in a customer contract and a regulatory filing. The product owner argues that routing backlog changes to the steering committee will destroy the team's responsiveness, and notes that no change so far has actually breached a commitment. What should the project manager do first?"",""o"":[""Require legal and compliance to review the backlog before each iteration begins, so that changes affecting commitments are caught before the team commits to them"",""Define governance thresholds identifying which backlog changes affect contracted or regulated commitments, escalate those, and leave decisions below the threshold with the product owner"",""Accept the product owner's position while no commitment has been breached, and introduce governance review only if a breach becomes likely"",""Add the contract and regulatory commitments to the team's definition of done, so that every increment is validated against them before it can be accepted or released""],""x"":1,""r"":""Governance should protect commitments that exceed team authority without governing everything. Thresholds do that. A definition-of-done criterion cannot authorize a contract change, blanket review destroys responsiveness, and waiting for a breach forfeits the control."",""task"":""BE1"",""taskLabel"":""Business Environment Task 1 - Governance"",""rule"":""Governance defines decision rights, thresholds, success measures, and escalation paths."",""format"":""Scenario"",""difficulty"":""Moderate-Hard"",""pattern"":""content""}"
D1-039,Diagnostic 1,39,draft,,,business,Compliance,BE2,Business Environment Task 2 - Compliance,predictive,content,Scenario,Moderate-Hard,"A new privacy rule takes effect before launch. Legal confirms that one project data flow falls within the rule, but the regulator permits compensating controls when they are reviewed and approved by compliance. The technical team proposes adding the permanent control after launch. What should the project manager do first?",Proceed with launch using enhanced monitoring and record the permanent control as a time-bound post-launch compliance action,"Ask the sponsor to accept the temporary exposure, document the proposed compensating control, and notify compliance after launch","Work with legal and compliance to evaluate the compensating-control path, and hold the affected release decision pending approval",Suspend the entire launch until the permanent privacy control is implemented and independently validated by legal and compliance,,2,C,"Work with legal and compliance to evaluate the compensating-control path, and hold the affected release decision pending approval","The rule applies, but an authorized compliance path may exist. The project manager should obtain the required assessment and governance decision before releasing the affected functionality.",PMI-PMP-2026-ECO | BE2 Business Environment Task 2 - Compliance | pp. 11-12,PMI-PMP-2026-ECO | BE2 Business Environment Task 2 - Compliance | pp. 11-12,,pp. 11-12,,,"{""d"":""business"",""t"":""Compliance"",""a"":""predictive"",""q"":""A new privacy rule takes effect before launch. Legal confirms that one project data flow falls within the rule, but the regulator permits compensating controls when they are reviewed and approved by compliance. The technical team proposes adding the permanent control after launch. What should the project manager do first?"",""o"":[""Proceed with launch using enhanced monitoring and record the permanent control as a time-bound post-launch compliance action"",""Ask the sponsor to accept the temporary exposure, document the proposed compensating control, and notify compliance after launch"",""Work with legal and compliance to evaluate the compensating-control path, and hold the affected release decision pending approval"",""Suspend the entire launch until the permanent privacy control is implemented and independently validated by legal and compliance""],""x"":2,""r"":""The rule applies, but an authorized compliance path may exist. The project manager should obtain the required assessment and governance decision before releasing the affected functionality."",""task"":""BE2"",""taskLabel"":""Business Environment Task 2 - Compliance"",""rule"":""Mandatory compliance is not traded for schedule or cost; active violations are stopped and contained first."",""format"":""Scenario"",""difficulty"":""Moderate-Hard"",""pattern"":""content""}"
D1-040,Diagnostic 1,40,draft,,,business,Issue Intervention,BE4,Business Environment Task 4 - Issues/impediments,adaptive,content,Scenario,Moderate-Hard,"Recurring production-support incidents are reducing the agile team's delivery capacity. The product owner favors reducing release scope, while the operations manager favors a temporary support rotation. Available data shows the trend but has not isolated the main capacity drivers. What should the project manager do first?",Escalate the resource-priority conflict to the sponsor with both preferred responses for decision,"Reduce release scope, since velocity has declined for two iterations and the release goal is no longer realistic","Implement the support rotation, since it preserves the release scope while sharing operational demand across the team","Facilitate analysis of incident demand, capacity impact, and response tradeoffs so the parties can select an evidence-based intervention",,3,D,"Facilitate analysis of incident demand, capacity impact, and response tradeoffs so the parties can select an evidence-based intervention","The problem is known, but the best intervention is not. The project manager should help the parties understand the drivers and tradeoffs before implementing or escalating a response.",PMI-PMP-2026-ECO | BE4 Business Environment Task 4 - Issues/impediments | pp. 11-12,PMI-PMP-2026-ECO | BE4 Business Environment Task 4 - Issues/impediments | pp. 11-12,,pp. 11-12,,,"{""d"":""business"",""t"":""Issue Intervention"",""a"":""adaptive"",""q"":""Recurring production-support incidents are reducing the agile team's delivery capacity. The product owner favors reducing release scope, while the operations manager favors a temporary support rotation. Available data shows the trend but has not isolated the main capacity drivers. What should the project manager do first?"",""o"":[""Escalate the resource-priority conflict to the sponsor with both preferred responses for decision"",""Reduce release scope, since velocity has declined for two iterations and the release goal is no longer realistic"",""Implement the support rotation, since it preserves the release scope while sharing operational demand across the team"",""Facilitate analysis of incident demand, capacity impact, and response tradeoffs so the parties can select an evidence-based intervention""],""x"":3,""r"":""The problem is known, but the best intervention is not. The project manager should help the parties understand the drivers and tradeoffs before implementing or escalating a response."",""task"":""BE4"",""taskLabel"":""Business Environment Task 4 - Issues/impediments"",""rule"":""Active issues and impediments need ownership, intervention, and transparent communication."",""format"":""Scenario"",""difficulty"":""Moderate-Hard"",""pattern"":""content""}"
D1-041,Diagnostic 1,41,draft,,,business,Risk Response Execution,BE5,Business Environment Task 5 - Risk,hybrid,risk,Scenario,Moderate-Hard,"A supplier delay triggers the project's approved response to switch to an alternate supplier. Before execution, the risk owner learns that the alternate supplier's required sustainability certification has expired. What should the project manager do first?","Reassess the response's viability, update the risk or issue information, and obtain the appropriate decision before switching suppliers","Keep the original supplier, update the schedule forecast, and wait until the delay becomes an actual issue before changing vendors",Escalate the supplier delay to the sponsor with the original response plan and request immediate authorization to proceed,"Execute the approved response because the trigger occurred, then address the expired certification as a procurement issue during onboarding",,0,A,"Reassess the response's viability, update the risk or issue information, and obtain the appropriate decision before switching suppliers",An approved response should not be executed blindly when new information makes it potentially noncompliant. The response must be reassessed and routed through the appropriate decision path.,PMI-PMP-2026-ECO | BE5 Business Environment Task 5 - Risk | pp. 11-12,PMI-PMP-2026-ECO | BE5 Business Environment Task 5 - Risk | pp. 11-12,,pp. 11-12,,,"{""d"":""business"",""t"":""Risk Response Execution"",""a"":""hybrid"",""q"":""A supplier delay triggers the project's approved response to switch to an alternate supplier. Before execution, the risk owner learns that the alternate supplier's required sustainability certification has expired. What should the project manager do first?"",""o"":[""Reassess the response's viability, update the risk or issue information, and obtain the appropriate decision before switching suppliers"",""Keep the original supplier, update the schedule forecast, and wait until the delay becomes an actual issue before changing vendors"",""Escalate the supplier delay to the sponsor with the original response plan and request immediate authorization to proceed"",""Execute the approved response because the trigger occurred, then address the expired certification as a procurement issue during onboarding""],""x"":0,""r"":""An approved response should not be executed blindly when new information makes it potentially noncompliant. The response must be reassessed and routed through the appropriate decision path."",""task"":""BE5"",""taskLabel"":""Business Environment Task 5 - Risk"",""rule"":""Risk work is proactive before the trigger and issue management after realization."",""format"":""Scenario"",""difficulty"":""Moderate-Hard"",""pattern"":""risk""}"
D1-042,Diagnostic 1,42,draft,,,business,Organizational Change Execution,BE7,Business Environment Task 7 - Organizational change,hybrid,content,Scenario,Moderate-Hard,"Adoption analysis has confirmed that middle managers are discouraging use of a new automated approval workflow because it removes a control they value. The sponsor has approved a change-management plan with manager coaching and adoption metrics. Two weeks in, adoption remains flat and the coaching sessions are being scheduled but not attended. What should the project manager do next?","Redesign the workflow to preserve a manager review step, since the resistance reflects an operational control the managers are accountable for and the plan did not address","Execute the approved plan while making adoption metrics and coaching attendance visible to the sponsor and the managers' leadership, and adjust the response if the trend does not move","Escalate the non-attendance to the sponsor and request that manager approval authority be withdrawn, using the current summary and documenting the resulting decision path.","Report the flat adoption as an issue and pause further deployment until the managers commit to attending the coaching, using the current summary and documenting the resulting decision path.",,1,B,"Execute the approved plan while making adoption metrics and coaching attendance visible to the sponsor and the managers' leadership, and adjust the response if the trend does not move","The approved response is only two weeks old and has not actually been received by its audience. The project manager executes it while making non-attendance visible where it can be acted on. Redesigning, pausing, or escalating for sanctions all abandon or overrun the approved plan prematurely.",PMI-PMP-2026-ECO | BE7 Business Environment Task 7 - Organizational change | pp. 11-12,PMI-PMP-2026-ECO | BE7 Business Environment Task 7 - Organizational change | pp. 11-12,,pp. 11-12,,,"{""d"":""business"",""t"":""Organizational Change Execution"",""a"":""hybrid"",""q"":""Adoption analysis has confirmed that middle managers are discouraging use of a new automated approval workflow because it removes a control they value. The sponsor has approved a change-management plan with manager coaching and adoption metrics. Two weeks in, adoption remains flat and the coaching sessions are being scheduled but not attended. What should the project manager do next?"",""o"":[""Redesign the workflow to preserve a manager review step, since the resistance reflects an operational control the managers are accountable for and the plan did not address"",""Execute the approved plan while making adoption metrics and coaching attendance visible to the sponsor and the managers' leadership, and adjust the response if the trend does not move"",""Escalate the non-attendance to the sponsor and request that manager approval authority be withdrawn, using the current summary and documenting the resulting decision path."",""Report the flat adoption as an issue and pause further deployment until the managers commit to attending the coaching, using the current summary and documenting the resulting decision path.""],""x"":1,""r"":""The approved response is only two weeks old and has not actually been received by its audience. The project manager executes it while making non-attendance visible where it can be acted on. Redesigning, pausing, or escalating for sanctions all abandon or overrun the approved plan prematurely."",""task"":""BE7"",""taskLabel"":""Business Environment Task 7 - Organizational change"",""rule"":""Organizational change requires adoption support and readiness, not just deployment."",""format"":""Scenario"",""difficulty"":""Moderate-Hard"",""pattern"":""content""}"
D1-043,Diagnostic 1,43,draft,,,business,External Environment,BE8,Business Environment Task 8 - External changes,adaptive,content,Scenario,Moderate-Hard,A competitor has released a capability that changes what customers now expect from the product your team is building. The current backlog still supports the approved business case. The sponsor's initial reaction is that the competitor's feature is superficial. The product owner wants to insert a comparable feature into the next iteration. What should the project manager do first?,"Insert the comparable feature into the next iteration, since the product owner owns backlog priority and customer expectations have moved, while documenting the assumptions and communicating the decision to affected stakeholders.","Continue with the approved backlog, since the business case remains valid, the sponsor considers the competitor's feature superficial, and the expected value is unchanged","Assess the effect of the shift on expected value, backlog priority, and strategic alignment, and bring the assessment to the product owner and sponsor for a prioritization decision","Request that the sponsoring organization revalidate the business case before any backlog change is considered, while documenting the assumptions and communicating the decision to affected stakeholders.",,2,C,"Assess the effect of the shift on expected value, backlog priority, and strategic alignment, and bring the assessment to the product owner and sponsor for a prioritization decision","A market shift is an input to value, not an instruction to react or to hold firm. The project manager assesses the impact and puts it in front of the people who decide priority. Reacting, standing pat, or demanding a business-case revalidation all skip that assessment.",PMI-PMP-2026-ECO | BE8 Business Environment Task 8 - External changes | pp. 11-12,PMI-PMP-2026-ECO | BE8 Business Environment Task 8 - External changes | pp. 11-12,,pp. 11-12,,,"{""d"":""business"",""t"":""External Environment"",""a"":""adaptive"",""q"":""A competitor has released a capability that changes what customers now expect from the product your team is building. The current backlog still supports the approved business case. The sponsor's initial reaction is that the competitor's feature is superficial. The product owner wants to insert a comparable feature into the next iteration. What should the project manager do first?"",""o"":[""Insert the comparable feature into the next iteration, since the product owner owns backlog priority and customer expectations have moved, while documenting the assumptions and communicating the decision to affected stakeholders."",""Continue with the approved backlog, since the business case remains valid, the sponsor considers the competitor's feature superficial, and the expected value is unchanged"",""Assess the effect of the shift on expected value, backlog priority, and strategic alignment, and bring the assessment to the product owner and sponsor for a prioritization decision"",""Request that the sponsoring organization revalidate the business case before any backlog change is considered, while documenting the assumptions and communicating the decision to affected stakeholders.""],""x"":2,""r"":""A market shift is an input to value, not an instruction to react or to hold firm. The project manager assesses the impact and puts it in front of the people who decide priority. Reacting, standing pat, or demanding a business-case revalidation all skip that assessment."",""task"":""BE8"",""taskLabel"":""Business Environment Task 8 - External changes"",""rule"":""External changes must be evaluated for project impact and routed through governance when needed."",""format"":""Scenario"",""difficulty"":""Moderate-Hard"",""pattern"":""content""}"
D1-044,Diagnostic 1,44,draft,,,business,Ethics and Reporting,BE2,Business Environment Task 2 - Compliance,predictive,content,Scenario,Moderate-Hard,"A confirmed compliance concern is due to appear in tomorrow's steering report. A senior executive asks the project manager to omit it until a workaround is selected, arguing that early disclosure will distract the committee. What should the project manager do?",Classify the concern as an emerging risk and include it in the next reporting cycle with the selected workaround,Escalate the executive's request to the ethics office before issuing any steering report,Provide the concern only in a confidential addendum to the steering chair and legal counsel until a workaround is selected,"Include the concern and the current response options through the defined reporting path, and brief the executive on the proposed message",,3,D,"Include the concern and the current response options through the defined reporting path, and brief the executive on the proposed message","The project manager must report confirmed information accurately through established governance. The message can be managed responsibly, but the concern should not be withheld or delayed.",PMI-PMP-2026-ECO | BE2 Business Environment Task 2 - Compliance | pp. 11-12,PMI-PMP-2026-ECO | BE2 Business Environment Task 2 - Compliance | pp. 11-12,,pp. 11-12,,,"{""d"":""business"",""t"":""Ethics and Reporting"",""a"":""predictive"",""q"":""A confirmed compliance concern is due to appear in tomorrow's steering report. A senior executive asks the project manager to omit it until a workaround is selected, arguing that early disclosure will distract the committee. What should the project manager do?"",""o"":[""Classify the concern as an emerging risk and include it in the next reporting cycle with the selected workaround"",""Escalate the executive's request to the ethics office before issuing any steering report"",""Provide the concern only in a confidential addendum to the steering chair and legal counsel until a workaround is selected"",""Include the concern and the current response options through the defined reporting path, and brief the executive on the proposed message""],""x"":3,""r"":""The project manager must report confirmed information accurately through established governance. The message can be managed responsibly, but the concern should not be withheld or delayed."",""task"":""BE2"",""taskLabel"":""Business Environment Task 2 - Compliance"",""rule"":""Mandatory compliance is not traded for schedule or cost; active violations are stopped and contained first."",""format"":""Scenario"",""difficulty"":""Moderate-Hard"",""pattern"":""content""}"
D1-045,Diagnostic 1,45,draft,,,process,Benefits Transition,PR3,Process Task 3 - Value-based delivery,hybrid,content,Scenario,Moderate-Hard,"A transition gate requires a named benefits owner and an agreed measurement method for the expected reduction in customer wait time. Operations has accepted the deliverables and says benefits ownership can be settled after go-live, once the operating model stabilizes. The sponsor wants the project closed this quarter. What should the project manager do?","Hold the gate and present the unmet criterion to governance with options, so that ownership and measurement are assigned or the criterion is formally waived","Assign benefits measurement to the project team for the first quarter after go-live, so that the transition can proceed and the project can close this quarter",Add wait-time metrics to the project dashboard and continue reporting them until operations designates an owner,"Pass the gate, since operations has accepted the deliverables, and record the missing benefits ownership in lessons learned",,0,A,"Hold the gate and present the unmet criterion to governance with options, so that ownership and measurement are assigned or the criterion is formally waived","A gate criterion is either met or formally waived by the body that set it. The project manager cannot pass it on the strength of deliverable acceptance, nor can the project absorb an operational accountability to keep the closure date.",PMI-PMP-2026-ECO | PR3 Process Task 3 - Value-based delivery | pp. 9-10,PMI-PMP-2026-ECO | PR3 Process Task 3 - Value-based delivery | pp. 9-10,,pp. 9-10,,,"{""d"":""process"",""t"":""Benefits Transition"",""a"":""hybrid"",""q"":""A transition gate requires a named benefits owner and an agreed measurement method for the expected reduction in customer wait time. Operations has accepted the deliverables and says benefits ownership can be settled after go-live, once the operating model stabilizes. The sponsor wants the project closed this quarter. What should the project manager do?"",""o"":[""Hold the gate and present the unmet criterion to governance with options, so that ownership and measurement are assigned or the criterion is formally waived"",""Assign benefits measurement to the project team for the first quarter after go-live, so that the transition can proceed and the project can close this quarter"",""Add wait-time metrics to the project dashboard and continue reporting them until operations designates an owner"",""Pass the gate, since operations has accepted the deliverables, and record the missing benefits ownership in lessons learned""],""x"":0,""r"":""A gate criterion is either met or formally waived by the body that set it. The project manager cannot pass it on the strength of deliverable acceptance, nor can the project absorb an operational accountability to keep the closure date."",""task"":""PR3"",""taskLabel"":""Process Task 3 - Value-based delivery"",""rule"":""Value-based delivery protects outcomes and benefits, not only task completion."",""format"":""Scenario"",""difficulty"":""Moderate-Hard"",""pattern"":""content""}"
D1-046,Diagnostic 1,46,draft,,,business,Compliance Governance,BE2,Business Environment Task 2 - Compliance,hybrid,content,Scenario,Moderate-Hard,"Impact analysis is complete. A cybersecurity control and an accessibility requirement cannot both be satisfied within the approved scope and cost. Both are mandatory under different organizational policies, and each is owned by a different function. What should the project manager do next?","Defer the decision to detailed design, where a technical solution satisfying both requirements may emerge, while documenting the assumptions and communicating the decision to affected stakeholders.","Present the documented conflict, the options, and their scope and cost impacts to the governance body with authority over both policies, for decision","Convene the two functional owners and facilitate agreement on a compromise position that both can accept, while documenting the assumptions and communicating the decision to affected stakeholders.","Implement the cybersecurity control, since security exposure carries the greater organizational risk, and document the accessibility gap",,1,B,"Present the documented conflict, the options, and their scope and cost impacts to the governance body with authority over both policies, for decision","Neither functional owner can waive the other's mandatory policy, so a facilitated compromise between them has no authority behind it. The tradeoff must be decided by the body that governs both, and deferring to design gambles on a solution that analysis has already ruled out.",PMI-PMP-2026-ECO | BE2 Business Environment Task 2 - Compliance | pp. 11-12,PMI-PMP-2026-ECO | BE2 Business Environment Task 2 - Compliance | pp. 11-12,,pp. 11-12,,,"{""d"":""business"",""t"":""Compliance Governance"",""a"":""hybrid"",""q"":""Impact analysis is complete. A cybersecurity control and an accessibility requirement cannot both be satisfied within the approved scope and cost. Both are mandatory under different organizational policies, and each is owned by a different function. What should the project manager do next?"",""o"":[""Defer the decision to detailed design, where a technical solution satisfying both requirements may emerge, while documenting the assumptions and communicating the decision to affected stakeholders."",""Present the documented conflict, the options, and their scope and cost impacts to the governance body with authority over both policies, for decision"",""Convene the two functional owners and facilitate agreement on a compromise position that both can accept, while documenting the assumptions and communicating the decision to affected stakeholders."",""Implement the cybersecurity control, since security exposure carries the greater organizational risk, and document the accessibility gap""],""x"":1,""r"":""Neither functional owner can waive the other's mandatory policy, so a facilitated compromise between them has no authority behind it. The tradeoff must be decided by the body that governs both, and deferring to design gambles on a solution that analysis has already ruled out."",""task"":""BE2"",""taskLabel"":""Business Environment Task 2 - Compliance"",""rule"":""Mandatory compliance is not traded for schedule or cost; active violations are stopped and contained first."",""format"":""Scenario"",""difficulty"":""Moderate-Hard"",""pattern"":""content""}"
D1-047,Diagnostic 1,47,draft,,,business,Issue Intervention,BE4,Business Environment Task 4 - Issues/impediments,adaptive,content,Scenario,Moderate-Hard,"A risk that users would reject a redesigned workflow has materialized: pilot adoption is 20% against a 70% target. Release is three weeks away. Analysis shows the workflow does not match how users sequence the task, and training will not close the gap. The product owner proposes releasing on schedule with enhanced support and fixing the workflow in the next release. What should the project manager do next?",Keep the item in the risk register with increased probability and impact until the release decision is made,"Accept the product owner's proposal, since the release date is committed, enhanced support is available, and a workflow fix is already planned for the next release","Treat the materialized risk as an issue, and present the intervention options, their release and benefit impacts, and a recommendation to the decision makers",Delay the release until the workflow has been redesigned around the users' actual task sequence and re-piloted with the affected user group,,2,C,"Treat the materialized risk as an issue, and present the intervention options, their release and benefit impacts, and a recommendation to the decision makers","A materialized risk is an issue, and the release decision now carries a known benefit shortfall that the decision makers have not seen. The product owner cannot absorb that tradeoff alone, a unilateral delay preempts it, and leaving it in the risk register misclassifies what has already happened.",PMI-PMP-2026-ECO | BE4 Business Environment Task 4 - Issues/impediments | pp. 11-12,PMI-PMP-2026-ECO | BE4 Business Environment Task 4 - Issues/impediments | pp. 11-12,,pp. 11-12,,,"{""d"":""business"",""t"":""Issue Intervention"",""a"":""adaptive"",""q"":""A risk that users would reject a redesigned workflow has materialized: pilot adoption is 20% against a 70% target. Release is three weeks away. Analysis shows the workflow does not match how users sequence the task, and training will not close the gap. The product owner proposes releasing on schedule with enhanced support and fixing the workflow in the next release. What should the project manager do next?"",""o"":[""Keep the item in the risk register with increased probability and impact until the release decision is made"",""Accept the product owner's proposal, since the release date is committed, enhanced support is available, and a workflow fix is already planned for the next release"",""Treat the materialized risk as an issue, and present the intervention options, their release and benefit impacts, and a recommendation to the decision makers"",""Delay the release until the workflow has been redesigned around the users' actual task sequence and re-piloted with the affected user group""],""x"":2,""r"":""A materialized risk is an issue, and the release decision now carries a known benefit shortfall that the decision makers have not seen. The product owner cannot absorb that tradeoff alone, a unilateral delay preempts it, and leaving it in the risk register misclassifies what has already happened."",""task"":""BE4"",""taskLabel"":""Business Environment Task 4 - Issues/impediments"",""rule"":""Active issues and impediments need ownership, intervention, and transparent communication."",""format"":""Scenario"",""difficulty"":""Moderate-Hard"",""pattern"":""content""}"
D1-048,Diagnostic 1,48,draft,,,business,AI Governance,BE8,Business Environment Task 8 - External changes,adaptive,content,Scenario,Moderate-Hard,"An AI-enabled recommendation engine meets its overall accuracy target, but validation shows materially worse outcomes for a protected customer segment. Organizational policy requires governance review when disparate impact is confirmed. What should the project manager do?",Release to customer segments without observed disparity while the team remediates the affected segment,Treat the disparity as a benefits risk and seek sponsor acceptance before release,Adjust the model threshold to reduce the disparity and rerun only the overall accuracy test,Pause the affected release and submit the validation evidence to AI governance for disposition,,3,D,Pause the affected release and submit the validation evidence to AI governance for disposition,"Confirmed disparate impact activates the defined AI-governance requirement. Partial release, technical tuning without full validation, or sponsor risk acceptance cannot substitute for that review.",PMI-PMP-2026-ECO | BE8 Business Environment Task 8 - External changes | pp. 11-12,PMI-PMP-2026-ECO | BE8 Business Environment Task 8 - External changes | pp. 11-12,,pp. 11-12,,,"{""d"":""business"",""t"":""AI Governance"",""a"":""adaptive"",""q"":""An AI-enabled recommendation engine meets its overall accuracy target, but validation shows materially worse outcomes for a protected customer segment. Organizational policy requires governance review when disparate impact is confirmed. What should the project manager do?"",""o"":[""Release to customer segments without observed disparity while the team remediates the affected segment"",""Treat the disparity as a benefits risk and seek sponsor acceptance before release"",""Adjust the model threshold to reduce the disparity and rerun only the overall accuracy test"",""Pause the affected release and submit the validation evidence to AI governance for disposition""],""x"":3,""r"":""Confirmed disparate impact activates the defined AI-governance requirement. Partial release, technical tuning without full validation, or sponsor risk acceptance cannot substitute for that review."",""task"":""BE8"",""taskLabel"":""Business Environment Task 8 - External changes"",""rule"":""External changes must be evaluated for project impact and routed through governance when needed."",""format"":""Scenario"",""difficulty"":""Moderate-Hard"",""pattern"":""content""}"
D1-049,Diagnostic 1,49,draft,,,business,Continued Business Value,BE8,Business Environment Task 8 - External changes,hybrid,content,Scenario,Moderate-Hard,"An independent market analysis, accepted by the sponsoring organization, shows the project's remaining benefits no longer justify the remaining investment. Schedule and cost performance are healthy, the team is highly engaged, and roughly 70% of the budget has already been spent. What should the project manager do next?","Prepare and present a continue, pivot, or terminate recommendation to governance, based on the remaining investment against the revised benefits","Continue to completion, since most of the investment is already committed and performance remains strong","Reduce the remaining scope to those elements that still deliver benefit, and complete the project within the reduced scope and the remaining budget",Rebaseline the project's success measures to reflect the revised market conditions and continue against the new baseline,,0,A,"Prepare and present a continue, pivot, or terminate recommendation to governance, based on the remaining investment against the revised benefits","The decision to continue belongs to governance and turns on the remaining investment, not on the amount already spent or on execution performance. Narrowing scope may well be the right answer, but the project manager cannot select it unilaterally, and rebaselining hides the question rather than answering it.",PMI-PMP-2026-ECO | BE8 Business Environment Task 8 - External changes | pp. 11-12,PMI-PMP-2026-ECO | BE8 Business Environment Task 8 - External changes | pp. 11-12,,pp. 11-12,,,"{""d"":""business"",""t"":""Continued Business Value"",""a"":""hybrid"",""q"":""An independent market analysis, accepted by the sponsoring organization, shows the project's remaining benefits no longer justify the remaining investment. Schedule and cost performance are healthy, the team is highly engaged, and roughly 70% of the budget has already been spent. What should the project manager do next?"",""o"":[""Prepare and present a continue, pivot, or terminate recommendation to governance, based on the remaining investment against the revised benefits"",""Continue to completion, since most of the investment is already committed and performance remains strong"",""Reduce the remaining scope to those elements that still deliver benefit, and complete the project within the reduced scope and the remaining budget"",""Rebaseline the project's success measures to reflect the revised market conditions and continue against the new baseline""],""x"":0,""r"":""The decision to continue belongs to governance and turns on the remaining investment, not on the amount already spent or on execution performance. Narrowing scope may well be the right answer, but the project manager cannot select it unilaterally, and rebaselining hides the question rather than answering it."",""task"":""BE8"",""taskLabel"":""Business Environment Task 8 - External changes"",""rule"":""External changes must be evaluated for project impact and routed through governance when needed."",""format"":""Scenario"",""difficulty"":""Moderate-Hard"",""pattern"":""content""}"
D1-050,Diagnostic 1,50,draft,,,business,Strategic Governance,BE1,Business Environment Task 1 - Governance,hybrid,content,Scenario,Moderate-Hard,A regional business unit requests a customization that is likely to improve local adoption and remains within the project's scope tolerance. The enterprise architecture council warns that the customization may undermine a strategic standardization objective. The project manager can approve ordinary scope changes but cannot authorize strategic exceptions. What should the project manager do next?,Move the customization to a future phase so the current project can proceed without a governance decision,"Assess the local value and the enterprise impacts, then route the strategic exception to the authorized governance body","Approve the customization, since it remains within the project's delegated scope tolerance","Reject the customization, since enterprise architecture objectives take precedence over local adoption benefits",,1,B,"Assess the local value and the enterprise impacts, then route the strategic exception to the authorized governance body",The request is within normal scope tolerance but creates a strategic exception outside the project manager's authority. The tradeoff should be analyzed and decided by the appropriate governance body.,PMI-PMP-2026-ECO | BE1 Business Environment Task 1 - Governance | pp. 11-12,PMI-PMP-2026-ECO | BE1 Business Environment Task 1 - Governance | pp. 11-12,,pp. 11-12,,,"{""d"":""business"",""t"":""Strategic Governance"",""a"":""hybrid"",""q"":""A regional business unit requests a customization that is likely to improve local adoption and remains within the project's scope tolerance. The enterprise architecture council warns that the customization may undermine a strategic standardization objective. The project manager can approve ordinary scope changes but cannot authorize strategic exceptions. What should the project manager do next?"",""o"":[""Move the customization to a future phase so the current project can proceed without a governance decision"",""Assess the local value and the enterprise impacts, then route the strategic exception to the authorized governance body"",""Approve the customization, since it remains within the project's delegated scope tolerance"",""Reject the customization, since enterprise architecture objectives take precedence over local adoption benefits""],""x"":1,""r"":""The request is within normal scope tolerance but creates a strategic exception outside the project manager's authority. The tradeoff should be analyzed and decided by the appropriate governance body."",""task"":""BE1"",""taskLabel"":""Business Environment Task 1 - Governance"",""rule"":""Governance defines decision rights, thresholds, success measures, and escalation paths."",""format"":""Scenario"",""difficulty"":""Moderate-Hard"",""pattern"":""content""}"
D1-051,Diagnostic 1,51,draft,,,business,AI Governance,BE8,Business Environment Task 8 - External changes,adaptive,mindset,Scenario,Hard,"An adaptive team is developing an automated medical underwriting tool. During an internal validation iteration, the compliance officer demonstrates that the training data utilizes an outdated regional demographic dataset, introducing a statistical bias that systematically rejects claims from a marginalized patient group. The launch is scheduled in two weeks, and re-training the model will cause a minimum four-week slip. The product owner wants to launch with a warning disclaimer and patch it in a subsequent release. What should the project manager do?","Allow the launch to proceed with the disclaimer, provided the product owner signs a formal risk acceptance waiver and logs it in the risk register","Submit a formal change request to switch the project's development approach to predictive, as compliance requirements have destabilized the agile delivery model","Direct the team to immediately halt the release pipeline, isolate the biased data flow, and present a re-training timeline and compliance impact analysis to the steering committee","Advise the compliance officer to escalate the bias finding directly to corporate legal counsel, as data ethics conflicts fall outside the project manager's role authority",,2,C,"Direct the team to immediately halt the release pipeline, isolate the biased data flow, and present a re-training timeline and compliance impact analysis to the steering committee","Active process nonconformance and disparate impact bias violate core compliance governance. Unlawful or unethical exposure cannot be launched under a disclaimer or a local product owner waiver; it must be stopped, contained, and routed formally through established steering governance.",PMI-PMP-2026-ECO | BE8 Business Environment Task 8 - External changes | pp. 11-12,PMI-PMP-2026-ECO | BE8 Business Environment Task 8 - External changes | pp. 11-12,,pp. 11-12,,,"{""d"":""business"",""t"":""AI Governance"",""task"":""BE8"",""a"":""adaptive"",""pattern"":""mindset"",""format"":""Scenario"",""difficulty"":""Hard"",""q"":""An adaptive team is developing an automated medical underwriting tool. During an internal validation iteration, the compliance officer demonstrates that the training data utilizes an outdated regional demographic dataset, introducing a statistical bias that systematically rejects claims from a marginalized patient group. The launch is scheduled in two weeks, and re-training the model will cause a minimum four-week slip. The product owner wants to launch with a warning disclaimer and patch it in a subsequent release. What should the project manager do?"",""o"":[""Allow the launch to proceed with the disclaimer, provided the product owner signs a formal risk acceptance waiver and logs it in the risk register"",""Submit a formal change request to switch the project's development approach to predictive, as compliance requirements have destabilized the agile delivery model"",""Direct the team to immediately halt the release pipeline, isolate the biased data flow, and present a re-training timeline and compliance impact analysis to the steering committee"",""Advise the compliance officer to escalate the bias finding directly to corporate legal counsel, as data ethics conflicts fall outside the project manager's role authority""],""x"":2,""r"":""Active process nonconformance and disparate impact bias violate core compliance governance. Unlawful or unethical exposure cannot be launched under a disclaimer or a local product owner waiver; it must be stopped, contained, and routed formally through established steering governance."",""rule"":""Mandatory compliance is not traded for schedule or cost; active violations are stopped and contained first."",""taskLabel"":""Business Environment Task 8 - External changes""}"
D1-052,Diagnostic 1,52,draft,,,process,Procurement Acceptance,PR5,Process Task 5 - Procurement,predictive,content,Scenario,Hard,"Midway through a critical infrastructure rollout, the primary contractor’s tier-2 software subcontractor unexpectedly files for insolvency and halts all API integration work. The primary contractor provides a current certificate of insurance and notes that their contract shields the project from financial damages due to third-party defaults. However, the integration failure directly threatens a contractually mandated project baseline date. What should the project manager do first?",Issue a formal notice of default to the primary contractor and initiate legal remedies to recover the projected delay costs,Authorize the internal software engineering team to bypass the vendor's API entirely and build a custom workaround to protect the milestone date,Escalate the milestone exposure immediately to the sponsor and request a formal budget allocation from the management reserve to source an independent vendor,"Review the procurement agreement's business continuity terms, evaluate secondary subcontractor sourcing options with the primary contractor, and assess the downstream critical path impact",,3,D,"Review the procurement agreement's business continuity terms, evaluate secondary subcontractor sourcing options with the primary contractor, and assess the downstream critical path impact","When a procurement default occurs, the project manager must first consult the governing agreement and analyze options and impacts in partnership with the primary counterparty before leaping to legal remedies, diverting internal staff, or demanding emergency funding.",PMI-PMP-2026-ECO | PR5 Process Task 5 - Procurement | pp. 9-10,PMI-PMP-2026-ECO | PR5 Process Task 5 - Procurement | pp. 9-10,,pp. 9-10,,,"{""d"":""process"",""t"":""Procurement Acceptance"",""task"":""PR5"",""a"":""predictive"",""pattern"":""content"",""format"":""Scenario"",""difficulty"":""Hard"",""q"":""Midway through a critical infrastructure rollout, the primary contractor’s tier-2 software subcontractor unexpectedly files for insolvency and halts all API integration work. The primary contractor provides a current certificate of insurance and notes that their contract shields the project from financial damages due to third-party defaults. However, the integration failure directly threatens a contractually mandated project baseline date. What should the project manager do first?"",""o"":[""Issue a formal notice of default to the primary contractor and initiate legal remedies to recover the projected delay costs"",""Authorize the internal software engineering team to bypass the vendor's API entirely and build a custom workaround to protect the milestone date"",""Escalate the milestone exposure immediately to the sponsor and request a formal budget allocation from the management reserve to source an independent vendor"",""Review the procurement agreement's business continuity terms, evaluate secondary subcontractor sourcing options with the primary contractor, and assess the downstream critical path impact""],""x"":3,""r"":""When a procurement default occurs, the project manager must first consult the governing agreement and analyze options and impacts in partnership with the primary counterparty before leaping to legal remedies, diverting internal staff, or demanding emergency funding."",""rule"":""Procurement follows the agreement and contract-management process."",""taskLabel"":""Process Task 5 - Procurement""}"
D1-053,Diagnostic 1,53,draft,,,people,Psychological Safety,P3,People Task 3 - Lead the project team,hybrid,mindset,Scenario,Hard,"During a cross-functional iteration review for an enterprise ERP transition, a senior developer points out a structural database flaw that could lead to intermittent data loss during peak loads. The engineering lead abruptly cuts off the developer, stating that the design was already approved by the architecture board and that raising unverified technical objections outside of formal design gates compromises sprint velocity. Following the meeting, the project manager notices that two junior team members deleted their scheduled retrospective discussion points regarding technical debt. What should the project manager do first?","Meet privately with the engineering lead to reinforce psychological safety, and work with the team to establish clear working agreements that explicitly protect constructive technical dissent",Add the structural database flaw directly to the product backlog and assign it to the senior developer for mandatory remediation in the next sprint,Convene an extraordinary session of the architecture board to independently audit the database design and settle the technical disagreement,Instruct the junior team members to restore their deleted retrospective points to ensure artifact transparency for leadership review,,0,A,"Meet privately with the engineering lead to reinforce psychological safety, and work with the team to establish clear working agreements that explicitly protect constructive technical dissent","The team is exhibiting signs of defensive whispering and fear of reprisal, indicating a collapse in psychological safety. The leader must treat the behavioral and systemic cultural breakdown first. Forcing junior members to type points or bypassing the lead to push technical fixes directly treats symptoms rather than the root cause.",PMI-PMP-2026-ECO | P3 People Task 3 - Lead the project team | pp. 7-8,PMI-PMP-2026-ECO | P3 People Task 3 - Lead the project team | pp. 7-8,,pp. 7-8,,,"{""d"":""people"",""t"":""Psychological Safety"",""task"":""P3"",""a"":""hybrid"",""pattern"":""mindset"",""format"":""Scenario"",""difficulty"":""Hard"",""q"":""During a cross-functional iteration review for an enterprise ERP transition, a senior developer points out a structural database flaw that could lead to intermittent data loss during peak loads. The engineering lead abruptly cuts off the developer, stating that the design was already approved by the architecture board and that raising unverified technical objections outside of formal design gates compromises sprint velocity. Following the meeting, the project manager notices that two junior team members deleted their scheduled retrospective discussion points regarding technical debt. What should the project manager do first?"",""o"":[""Meet privately with the engineering lead to reinforce psychological safety, and work with the team to establish clear working agreements that explicitly protect constructive technical dissent"",""Add the structural database flaw directly to the product backlog and assign it to the senior developer for mandatory remediation in the next sprint"",""Convene an extraordinary session of the architecture board to independently audit the database design and settle the technical disagreement"",""Instruct the junior team members to restore their deleted retrospective points to ensure artifact transparency for leadership review""],""x"":0,""r"":""The team is exhibiting signs of defensive whispering and fear of reprisal, indicating a collapse in psychological safety. The leader must treat the behavioral and systemic cultural breakdown first. Forcing junior members to type points or bypassing the lead to push technical fixes directly treats symptoms rather than the root cause."",""rule"":""Lead the people before managing the work: support, empower, coach, clarify, and build capability."",""taskLabel"":""People Task 3 - Lead the project team""}"
D1-054,Diagnostic 1,54,draft,,,process,Value Delivery,PR3,Process Task 3 - Value-based delivery,hybrid,content,Case,Hard,"Based on the case facts, what should the project manager do first to handle the procurement director's action?","Support the procurement director's decision because a CPI of 0.81 indicates an immediate need for local cost optimization, while documenting the assumptions and communicating the decision to affected stakeholders.","Direct the procurement team to pause the unauthorized purchase order, quantify the long-term strategic and ESG benefit degradation of reverting to plastic, and route the tradeoff to the authorized governance body","File a formal dispute against the procurement director with the project sponsor for violating baseline control boundaries, while documenting the assumptions and communicating the decision to affected stakeholders.","Rebaseline the project's financial cost metrics to absorb the 35% sustainable material price premium without showing variance, while also creating a benefits traceability note and a governance summary for the next steering review",,1,B,"Direct the procurement team to pause the unauthorized purchase order, quantify the long-term strategic and ESG benefit degradation of reverting to plastic, and route the tradeoff to the authorized governance body","A business case outcome (ESG net-zero targets) cannot be silently traded away by a single functional stakeholder to correct a localized cost variance. The project manager must hold the baseline constraint, establish the total benefit impact, and bring the strategic choice directly into formal governance.",PMI-PMP-2026-ECO | PR3 Process Task 3 - Value-based delivery | pp. 9-10,PMI-PMP-2026-ECO | PR3 Process Task 3 - Value-based delivery | pp. 9-10,,pp. 9-10,,,"{""d"":""process"",""t"":""Value Delivery"",""task"":""PR3"",""a"":""hybrid"",""pattern"":""content"",""format"":""Case"",""difficulty"":""Hard"",""caseHtml"":""<h3>Case: Sustainable Supply Chain Shift</h3><p>An international manufacturing project is transitioning a packaging pipeline to 100% biodegradable materials to satisfy a corporate ESG commitment. The engineering baseline is solid, but a sudden maritime logistics crisis has increased the cost of the sustainable substrate by 35%.</p><ul><li>Business Case Target: Achieve net-zero packaging footprint within the current fiscal year.</li><li>Baseline Status: CPI is 0.81; SPI is 0.98.</li><li>Operations Constraint: Conventional plastic stock is readily available locally at the original budgeted cost.</li><li>Stakeholder Signal: The procurement director is independently issuing a purchase order for conventional plastic to correct the cost variance.</li></ul>"",""q"":""Based on the case facts, what should the project manager do first to handle the procurement director's action?"",""o"":[""Support the procurement director's decision because a CPI of 0.81 indicates an immediate need for local cost optimization, while documenting the assumptions and communicating the decision to affected stakeholders."",""Direct the procurement team to pause the unauthorized purchase order, quantify the long-term strategic and ESG benefit degradation of reverting to plastic, and route the tradeoff to the authorized governance body"",""File a formal dispute against the procurement director with the project sponsor for violating baseline control boundaries, while documenting the assumptions and communicating the decision to affected stakeholders."",""Rebaseline the project's financial cost metrics to absorb the 35% sustainable material price premium without showing variance, while also creating a benefits traceability note and a governance summary for the next steering review""],""x"":1,""r"":""A business case outcome (ESG net-zero targets) cannot be silently traded away by a single functional stakeholder to correct a localized cost variance. The project manager must hold the baseline constraint, establish the total benefit impact, and bring the strategic choice directly into formal governance."",""rule"":""Value-based delivery protects outcomes and benefits, not only task completion."",""taskLabel"":""Process Task 3 - Value-based delivery""}"
D1-055,Diagnostic 1,55,draft,,,business,Change Control Execution,BE3,Business Environment Task 3 - Change control,predictive,content,Graphic,Hard,"Given the status shown in the pipeline graphic, the sponsor requests that the team immediately implement the Security Compliance Upgrade ahead of formal Change Control Board (CCB) approval to recover the negative project float. What is the most appropriate action for the project manager?","Authorize the team to implement the change immediately, using the sponsor's verbal request as a temporary operational waiver",Refuse the sponsor's request flatly because implementing any change before formal CCB approval violates standard PMI ethics guidelines,"Analyze how the upgrade affects the existing critical path delay, formulate specific implementation staging options, and insist that the sponsor convene an emergency CCB session for formal disposition","Log the sponsor's direction in the issue log, proceed with the upgrade, and present the completed work as a fait accompli at the next scheduled CCB, while also updating the change impact record, affected commitment map, and formal disposition path",,2,C,"Analyze how the upgrade affects the existing critical path delay, formulate specific implementation staging options, and insist that the sponsor convene an emergency CCB session for formal disposition","Negative float and critical dependencies create extreme pressure, but a project manager cannot execute unauthorized changes affecting baselines without formal governance clearance. The role requires the PM to analyze the downstream impacts first, map out valid response options, and use the escalation/governance architecture to get an expedited decision.",PMI-PMP-2026-ECO | BE3 Business Environment Task 3 - Change control | pp. 11-12,PMI-PMP-2026-ECO | BE3 Business Environment Task 3 - Change control | pp. 11-12,,pp. 11-12,,,"{""d"":""business"",""t"":""Change Control Execution"",""task"":""BE3"",""a"":""predictive"",""pattern"":""content"",""format"":""Graphic"",""difficulty"":""Hard"",""graphicHtml"":""<h3>Graphic: Cross-Project Dependency Pipeline</h3><div class='mini-dashboard'><div class='metric alert'><b>-18 Days</b><span>Total Project Float</span></div><div class='metric warn'><b>CCB Pending</b><span>Change Proposal #14</span></div><div class='metric'><b>Tier-1</b><span>Critical Risk Level</span></div></div><div class='stake-table'><div><b>Upstream Baseline</b><b>Downstream Impact</b><b>Change Scope</b></div><div><span>Data Core v4.0 (Slip)</span><span>Manufacturing Execution (Delayed)</span><span>Security Compliance Upgrade</span></div></div>"",""q"":""Given the status shown in the pipeline graphic, the sponsor requests that the team immediately implement the Security Compliance Upgrade ahead of formal Change Control Board (CCB) approval to recover the negative project float. What is the most appropriate action for the project manager?"",""o"":[""Authorize the team to implement the change immediately, using the sponsor's verbal request as a temporary operational waiver"",""Refuse the sponsor's request flatly because implementing any change before formal CCB approval violates standard PMI ethics guidelines"",""Analyze how the upgrade affects the existing critical path delay, formulate specific implementation staging options, and insist that the sponsor convene an emergency CCB session for formal disposition"",""Log the sponsor's direction in the issue log, proceed with the upgrade, and present the completed work as a fait accompli at the next scheduled CCB, while also updating the change impact record, affected commitment map, and formal disposition path""],""x"":2,""r"":""Negative float and critical dependencies create extreme pressure, but a project manager cannot execute unauthorized changes affecting baselines without formal governance clearance. The role requires the PM to analyze the downstream impacts first, map out valid response options, and use the escalation/governance architecture to get an expedited decision."",""rule"":""Changes affecting baselines, commitments, or regulated deliverables follow change control."",""taskLabel"":""Business Environment Task 3 - Change control""}"
D1-056,Diagnostic 1,56,draft,,,people,Conflict Management,P2,People Task 2 - Manage conflicts,hybrid,mindset,Scenario,Hard,"An international smart-grid deployment team is divided over a critical technical architecture decision. The North American operations lead insists on a centralized, highly controlled data layer to protect stability, while the European engineering lead refuses to proceed unless a decentralized microservices model is used to meet local privacy expectations. The argument has escalated into formal complaints, team velocity has dropped by 40%, and an immediate architecture baseline is needed to pass a looming phase gate. What should the project manager do next?",Escalate the dispute directly to the corporate program steering committee and request that executive leadership mandate a single technical standard,"Direct the team to build a hybrid, dual-layered data model that incorporates both approaches to preserve consensus and restore team velocity",Settle the dispute by selecting the decentralized model because regulatory privacy factors carry a higher inherent project risk,"Facilitate an emergency evaluation session with both leads using objective criteria tied directly to the business case requirements, and address the interpersonal behavior separately",,3,D,"Facilitate an emergency evaluation session with both leads using objective criteria tied directly to the business case requirements, and address the interpersonal behavior separately","When technical conflicts stall delivery, the project manager must separate the logical decision path from the interpersonal behavioral breakdown. Technical choices should be resolved using explicit decision criteria mapped to the business case, while personal friction is managed as a standalone leadership issue.",PMI-PMP-2026-ECO | P2 People Task 2 - Manage conflicts | pp. 7-8,PMI-PMP-2026-ECO | P2 People Task 2 - Manage conflicts | pp. 7-8,,pp. 7-8,,,"{""d"":""people"",""t"":""Conflict Management"",""task"":""P2"",""a"":""hybrid"",""pattern"":""mindset"",""format"":""Scenario"",""difficulty"":""Hard"",""q"":""An international smart-grid deployment team is divided over a critical technical architecture decision. The North American operations lead insists on a centralized, highly controlled data layer to protect stability, while the European engineering lead refuses to proceed unless a decentralized microservices model is used to meet local privacy expectations. The argument has escalated into formal complaints, team velocity has dropped by 40%, and an immediate architecture baseline is needed to pass a looming phase gate. What should the project manager do next?"",""o"":[""Escalate the dispute directly to the corporate program steering committee and request that executive leadership mandate a single technical standard"",""Direct the team to build a hybrid, dual-layered data model that incorporates both approaches to preserve consensus and restore team velocity"",""Settle the dispute by selecting the decentralized model because regulatory privacy factors carry a higher inherent project risk"",""Facilitate an emergency evaluation session with both leads using objective criteria tied directly to the business case requirements, and address the interpersonal behavior separately""],""x"":3,""r"":""When technical conflicts stall delivery, the project manager must separate the logical decision path from the interpersonal behavioral breakdown. Technical choices should be resolved using explicit decision criteria mapped to the business case, while personal friction is managed as a standalone leadership issue."",""rule"":""Use the appropriate conflict response: collaborate when time allows, decide within authority when time has run out, and escalate only when the decision exceeds the project manager role."",""taskLabel"":""People Task 2 - Manage conflicts""}"
D1-057,Diagnostic 1,57,draft,,,process,Financial Governance,PR6,Process Task 6 - Finance,predictive,quantitative,Scenario,Hard,"A multi-year automated logistics project has consumed 85% of its allocated contingency reserve due to a series of realized risk events, but only 45% of the planned work is complete. A predictive forecast indicates that upcoming integration phases will trigger secondary risks that are highly likely to exceed the remaining approved budget baseline. The project manager needs to secure additional funding to protect project viability. What is the most appropriate financial strategy?","Formally request a release of funding from the management reserve by presenting a detailed risk realization report, an updated Cost Performance Index (CPI) forecast, and a mitigation roadmap to the governance board","Unilaterally apply a 15% budget reduction across all remaining project work packages to artificially replenish the spent contingency reserve, while documenting the assumptions and communicating the decision to affected stakeholders.","Instruct the team to pause work on low-value deliverables and allocate their remaining labor budgets directly into the risk remediation fund, while documenting the assumptions and communicating the decision to affected stakeholders.","Rebaseline the project's cost metrics immediately to fold the projected overage into a new approved budget baseline without triggering a threshold breach, then monitor the outcome through the next reporting cycle.",,0,A,"Formally request a release of funding from the management reserve by presenting a detailed risk realization report, an updated Cost Performance Index (CPI) forecast, and a mitigation roadmap to the governance board","Contingency reserve is controlled by the project manager for identified risks, but accessing management reserves for unforeseen impacts or systemic overruns requires passing a defined governance threshold. The PM must present transparent, quantitative evidence to the body holding that authority rather than manipulating internal work packages or silently rebaselining.",PMI-PMP-2026-ECO | PR6 Process Task 6 - Finance | pp. 9-10,PMI-PMP-2026-ECO | PR6 Process Task 6 - Finance | pp. 9-10,,pp. 9-10,,,"{""d"":""process"",""t"":""Financial Governance"",""task"":""PR6"",""a"":""predictive"",""pattern"":""quantitative"",""format"":""Scenario"",""difficulty"":""Hard"",""q"":""A multi-year automated logistics project has consumed 85% of its allocated contingency reserve due to a series of realized risk events, but only 45% of the planned work is complete. A predictive forecast indicates that upcoming integration phases will trigger secondary risks that are highly likely to exceed the remaining approved budget baseline. The project manager needs to secure additional funding to protect project viability. What is the most appropriate financial strategy?"",""o"":[""Formally request a release of funding from the management reserve by presenting a detailed risk realization report, an updated Cost Performance Index (CPI) forecast, and a mitigation roadmap to the governance board"",""Unilaterally apply a 15% budget reduction across all remaining project work packages to artificially replenish the spent contingency reserve, while documenting the assumptions and communicating the decision to affected stakeholders."",""Instruct the team to pause work on low-value deliverables and allocate their remaining labor budgets directly into the risk remediation fund, while documenting the assumptions and communicating the decision to affected stakeholders."",""Rebaseline the project's cost metrics immediately to fold the projected overage into a new approved budget baseline without triggering a threshold breach, then monitor the outcome through the next reporting cycle.""],""x"":0,""r"":""Contingency reserve is controlled by the project manager for identified risks, but accessing management reserves for unforeseen impacts or systemic overruns requires passing a defined governance threshold. The PM must present transparent, quantitative evidence to the body holding that authority rather than manipulating internal work packages or silently rebaselining."",""rule"":""Financial decisions use baselines, forecasts, reserves, and governance."",""taskLabel"":""Process Task 6 - Finance""}"
D1-058,Diagnostic 1,58,draft,,,business,Regulatory Change Control,BE3,Business Environment Task 3 - Change control,predictive,content,Case,Hard,Autonomous fleet compliance shift: what is the correct next step for the project manager?,"Honor the sponsor's directive to protect the first-to-market advantage, and log the aviation ruling as a low-probability compliance risk, while documenting the assumptions and communicating the decision to affected stakeholders.","Document the formal impact analysis of the telemetry change, present the cost/schedule tradeoffs and non-compliance exposures to the Change Control Board (CCB), and pause the affected workstream until a disposition is signed","Direct the development team to immediately implement the black-box modifications to guarantee regulatory compliance regardless of the sponsor's opinion, while also updating the change impact record, affected commitment map, and formal disposition path","Request an immediate budget variance waiver from the PMO to absorb the $450,000 cost under operational emergency terms, while documenting the assumptions and communicating the decision to affected stakeholders.",,1,B,"Document the formal impact analysis of the telemetry change, present the cost/schedule tradeoffs and non-compliance exposures to the Change Control Board (CCB), and pause the affected workstream until a disposition is signed","A regulatory ruling creates immediate, baseline-altering exposure. Even if the sponsor attempts to bypass it verbally, the project manager must route the quantified technical, financial, and legal impacts through formal change control for an authorized, documented governance decision.",PMI-PMP-2026-ECO | BE3 Business Environment Task 3 - Change control | pp. 11-12,PMI-PMP-2026-ECO | BE3 Business Environment Task 3 - Change control | pp. 11-12,,pp. 11-12,,,"{""d"":""business"",""t"":""Regulatory Change Control"",""task"":""BE3"",""a"":""predictive"",""pattern"":""content"",""format"":""Case"",""difficulty"":""Hard"",""caseHtml"":""<h3>Case: Autonomous Fleet Compliance Shift</h3><p>A global shipping firm is mid-delivery on an autonomous drone fulfillment system. Six months before rollout, a regional aviation authority issues a surprise data-sovereignty ruling requiring localized black-box telemetry recording. The system architect confirms that modifying the existing telemetry payload will delay the launch by three months and require an additional $450,000.</p><ul><li>Business Goal: First-to-market autonomous delivery advantage.</li><li>Baseline Health: CV is currently -$12,000; SV is +4 days.</li><li>Sponsor Direction: The sponsor states that the data ruling is an overreach and commands the team to build to the original baseline while corporate legal challenges it.</li></ul>"",""q"":""Autonomous fleet compliance shift: what is the correct next step for the project manager?"",""o"":[""Honor the sponsor's directive to protect the first-to-market advantage, and log the aviation ruling as a low-probability compliance risk, while documenting the assumptions and communicating the decision to affected stakeholders."",""Document the formal impact analysis of the telemetry change, present the cost/schedule tradeoffs and non-compliance exposures to the Change Control Board (CCB), and pause the affected workstream until a disposition is signed"",""Direct the development team to immediately implement the black-box modifications to guarantee regulatory compliance regardless of the sponsor's opinion, while also updating the change impact record, affected commitment map, and formal disposition path"",""Request an immediate budget variance waiver from the PMO to absorb the $450,000 cost under operational emergency terms, while documenting the assumptions and communicating the decision to affected stakeholders.""],""x"":1,""r"":""A regulatory ruling creates immediate, baseline-altering exposure. Even if the sponsor attempts to bypass it verbally, the project manager must route the quantified technical, financial, and legal impacts through formal change control for an authorized, documented governance decision."",""rule"":""Changes affecting baselines, commitments, or regulated deliverables follow change control."",""taskLabel"":""Business Environment Task 3 - Change control""}"
D1-059,Diagnostic 1,59,draft,,,process,Integrated Planning,PR1,Process Task 1 - Integrated plan and delivery,hybrid,mindset,Graphic,Hard,"Referencing the tracker graphic, the predictive hardware stream and the adaptive software stream are tracking to separate lifecycles, causing a critical dependency lag that threatens the integrated launch. What should the project manager do first?","Force the adaptive software team to drop their sprint framework and adopt the predictive milestone model to guarantee schedule alignment, while also documenting integration assumptions, interface ownership, and cross-lifecycle dependency thresholds",Escalate the data lag to the project sponsor and request that a single engineering director be assigned to control both teams,Facilitate an interface synchronization session to establish an integrated delivery framework that locks down the physical-to-digital interface specs while preserving adaptive software execution boundaries,Extend the hardware delivery baseline by 26 days to match the current actual velocity of the software sprints,,2,C,Facilitate an interface synchronization session to establish an integrated delivery framework that locks down the physical-to-digital interface specs while preserving adaptive software execution boundaries,"Hybrid orchestration requires managing the synchronization point (the interface) between lifecycles, not destroying one lifecycle to feed the other. Establishing an integrated plan with locked boundaries protects cross-workstream dependencies while honoring the execution models chosen.",PMI-PMP-2026-ECO | PR1 Process Task 1 - Integrated plan and delivery | pp. 9-10,PMI-PMP-2026-ECO | PR1 Process Task 1 - Integrated plan and delivery | pp. 9-10,,pp. 9-10,,,"{""d"":""process"",""t"":""Integrated Planning"",""task"":""PR1"",""a"":""hybrid"",""pattern"":""mindset"",""format"":""Graphic"",""difficulty"":""Hard"",""graphicHtml"":""<h3>Graphic: Cross-Lifecycle Release Tracker</h3><div class='mini-dashboard'><div class='metric error'><b>-26 Days</b><span>Interface Float</span></div><div class='metric alert'><b>Critical</b><span>Dependency Block</span></div><div class='metric'><b>Sprint 12</b><span>Current Cycle</span></div></div><div class='stake-table'><div><b>Predictive Stream</b><b>Adaptive Stream</b><b>Friction Point</b></div><div><span>Hardware v2.1</span><span>AI Dispatch Module</span><span>Loose Interface Spec</span></div></div>"",""q"":""Referencing the tracker graphic, the predictive hardware stream and the adaptive software stream are tracking to separate lifecycles, causing a critical dependency lag that threatens the integrated launch. What should the project manager do first?"",""o"":[""Force the adaptive software team to drop their sprint framework and adopt the predictive milestone model to guarantee schedule alignment, while also documenting integration assumptions, interface ownership, and cross-lifecycle dependency thresholds"",""Escalate the data lag to the project sponsor and request that a single engineering director be assigned to control both teams"",""Facilitate an interface synchronization session to establish an integrated delivery framework that locks down the physical-to-digital interface specs while preserving adaptive software execution boundaries"",""Extend the hardware delivery baseline by 26 days to match the current actual velocity of the software sprints""],""x"":2,""r"":""Hybrid orchestration requires managing the synchronization point (the interface) between lifecycles, not destroying one lifecycle to feed the other. Establishing an integrated plan with locked boundaries protects cross-workstream dependencies while honoring the execution models chosen."",""rule"":""Choose the delivery approach from project context, uncertainty, governance, constraints, and dependencies."",""taskLabel"":""Process Task 1 - Integrated plan and delivery""}"
D1-060,Diagnostic 1,60,draft,,,business,Compliance Governance,BE2,Business Environment Task 2 - Compliance,hybrid,mindset,Scenario,Hard,"An adaptive development team is building a direct-to-consumer healthcare portal. To protect the sprint velocity from slowing down, the product owner instructs the team to skip a newly updated, mandatory digital accessibility validation sweep for the upcoming release, noting that a comprehensive audit can be performed post-launch. What should the project manager do?","Allow the release to proceed to capture immediate market feedback, and log the missing accessibility validation as an item in the sprint retrospective","Create a user story for accessibility remediation, add it to the bottom of the product backlog, and let the product owner determine its long-term priority",Propose a compromised sampling audit where the team validates only 10% of the high-traffic user interfaces before launch,"Halt the deployment pipeline for the non-compliant codebase, notify the compliance officer, and prioritize the accessibility sweep in the current sprint backlog",,3,D,"Halt the deployment pipeline for the non-compliant codebase, notify the compliance officer, and prioritize the accessibility sweep in the current sprint backlog","Mandatory compliance is binary and absolute. A project manager cannot trade legal or regulatory standard conformance for velocity or market feedback. When a violation is attempted, the non-compliant pipeline must be halted and contained immediately.",PMI-PMP-2026-ECO | BE2 Business Environment Task 2 - Compliance | pp. 11-12,PMI-PMP-2026-ECO | BE2 Business Environment Task 2 - Compliance | pp. 11-12,,pp. 11-12,,,"{""d"":""business"",""t"":""Compliance Governance"",""task"":""BE2"",""a"":""hybrid"",""pattern"":""mindset"",""format"":""Scenario"",""difficulty"":""Hard"",""q"":""An adaptive development team is building a direct-to-consumer healthcare portal. To protect the sprint velocity from slowing down, the product owner instructs the team to skip a newly updated, mandatory digital accessibility validation sweep for the upcoming release, noting that a comprehensive audit can be performed post-launch. What should the project manager do?"",""o"":[""Allow the release to proceed to capture immediate market feedback, and log the missing accessibility validation as an item in the sprint retrospective"",""Create a user story for accessibility remediation, add it to the bottom of the product backlog, and let the product owner determine its long-term priority"",""Propose a compromised sampling audit where the team validates only 10% of the high-traffic user interfaces before launch"",""Halt the deployment pipeline for the non-compliant codebase, notify the compliance officer, and prioritize the accessibility sweep in the current sprint backlog""],""x"":3,""r"":""Mandatory compliance is binary and absolute. A project manager cannot trade legal or regulatory standard conformance for velocity or market feedback. When a violation is attempted, the non-compliant pipeline must be halted and contained immediately."",""rule"":""Mandatory compliance is not traded for schedule or cost; active violations are stopped and contained first."",""taskLabel"":""Business Environment Task 2 - Compliance""}"
D1-061,Diagnostic 1,61,draft,,,business,AI Governance,BE8,Business Environment Task 8 - External changes,hybrid,risk,Scenario,Hard,"Midway through the automated migration of a core banking pipeline, an external financial audit reveals that the underlying machine-learning algorithm assigns higher risk weightings to personal credit applications submitted from geographical zones with specific minority populations. The product owner shows that manually overriding the weighting system will compromise the predictive velocity baseline by 22% and miss an active Q3 board commitment. Real-world executive leadership orders the team to run a shadow parallel release while legal drafts a disclaimer template. What should the project manager do first?","Direct the technical lead to immediately decouple the non-compliant algorithmic weighting engine from the production build pipeline, and escalate the immediate compliance exposure to the enterprise risk steering committee",Log the automated data variance inside the project's historical risk register and maintain the shadow parallel release timeline as commanded by executive leadership,Authorize a temporary 22% reduction in sprint velocity capacity to allow the team to build a local validation patch without modifying the base model assumptions,"Convene a retrospective session with the product owner and compliance lead to formulate a combined post-launch remediation story, while documenting the assumptions and communicating the decision to affected stakeholders.",,0,A,"Direct the technical lead to immediately decouple the non-compliant algorithmic weighting engine from the production build pipeline, and escalate the immediate compliance exposure to the enterprise risk steering committee","Active process nonconformance, systemic bias, and discriminatory exposure are binary compliance barriers. A project manager cannot trade legal, ethical, or compliance mandates for board commitments, schedule velocity, or shadow verbal workarounds. The non-compliant pipeline must be halted and contained first.",PMI-PMP-2026-ECO | BE8 Business Environment Task 8 - External changes | pp. 11-12,PMI-PMP-2026-ECO | BE8 Business Environment Task 8 - External changes | pp. 11-12,,pp. 11-12,,,"{""d"":""business"",""t"":""AI Governance"",""task"":""BE8"",""a"":""hybrid"",""pattern"":""risk"",""format"":""Scenario"",""difficulty"":""Hard"",""q"":""Midway through the automated migration of a core banking pipeline, an external financial audit reveals that the underlying machine-learning algorithm assigns higher risk weightings to personal credit applications submitted from geographical zones with specific minority populations. The product owner shows that manually overriding the weighting system will compromise the predictive velocity baseline by 22% and miss an active Q3 board commitment. Real-world executive leadership orders the team to run a shadow parallel release while legal drafts a disclaimer template. What should the project manager do first?"",""o"":[""Direct the technical lead to immediately decouple the non-compliant algorithmic weighting engine from the production build pipeline, and escalate the immediate compliance exposure to the enterprise risk steering committee"",""Log the automated data variance inside the project's historical risk register and maintain the shadow parallel release timeline as commanded by executive leadership"",""Authorize a temporary 22% reduction in sprint velocity capacity to allow the team to build a local validation patch without modifying the base model assumptions"",""Convene a retrospective session with the product owner and compliance lead to formulate a combined post-launch remediation story, while documenting the assumptions and communicating the decision to affected stakeholders.""],""x"":0,""r"":""Active process nonconformance, systemic bias, and discriminatory exposure are binary compliance barriers. A project manager cannot trade legal, ethical, or compliance mandates for board commitments, schedule velocity, or shadow verbal workarounds. The non-compliant pipeline must be halted and contained first."",""rule"":""Mandatory compliance is not traded for schedule or cost; active violations are stopped and contained first."",""taskLabel"":""Business Environment Task 8 - External changes""}"
D1-062,Diagnostic 1,62,draft,,,process,Scope Control,PR2,Process Task 2 - Scope,predictive,content,Scenario,Hard,"A complex hospital infrastructure retrofit is running on a highly optimized, tight critical path. During validation testing, a senior medical equipment supplier realizes that an approved operational workflow requires specialized ventilation clearances that were completely omitted from the master architectural blueprints. Implementing the design change right now will consume the remaining project float and slip the opening milestone by three weeks. The customer's clinical director verbally promises to secure a local building department variance after launch if the team maintains the current timeline. What is the correct next step for the project manager?",Instruct the construction team to execute a fast-track workaround based on the clinical director's verbal guarantee to secure the variance post-launch,"Document the technical scope omission, model the downstream critical path and cost impacts, submit a formal change request to change control, and perform no unauthorized modification to the physical structure","Halt all construction work packages immediately and request a formal project closure review due to a fatal, non-recoverable architectural scope error","Unilaterally draw down the project's management reserve to fund overnight shifts, ensuring the ventilation clearances are met without slipping the opening date",,1,B,"Document the technical scope omission, model the downstream critical path and cost impacts, submit a formal change request to change control, and perform no unauthorized modification to the physical structure","Real-world survival instincts tempt project managers to accept verbal client promises or use unauthorized overtime to save the date. PMI rules require absolute baseline control: document the impact, use formal change control, and execute zero unauthorized scope changes. Management reserve cannot be accessed unilaterally by the PM.",PMI-PMP-2026-ECO | PR2 Process Task 2 - Scope | pp. 9-10,PMI-PMP-2026-ECO | PR2 Process Task 2 - Scope | pp. 9-10,,pp. 9-10,,,"{""d"":""process"",""t"":""Scope Control"",""task"":""PR2"",""a"":""predictive"",""pattern"":""content"",""format"":""Scenario"",""difficulty"":""Hard"",""q"":""A complex hospital infrastructure retrofit is running on a highly optimized, tight critical path. During validation testing, a senior medical equipment supplier realizes that an approved operational workflow requires specialized ventilation clearances that were completely omitted from the master architectural blueprints. Implementing the design change right now will consume the remaining project float and slip the opening milestone by three weeks. The customer's clinical director verbally promises to secure a local building department variance after launch if the team maintains the current timeline. What is the correct next step for the project manager?"",""o"":[""Instruct the construction team to execute a fast-track workaround based on the clinical director's verbal guarantee to secure the variance post-launch"",""Document the technical scope omission, model the downstream critical path and cost impacts, submit a formal change request to change control, and perform no unauthorized modification to the physical structure"",""Halt all construction work packages immediately and request a formal project closure review due to a fatal, non-recoverable architectural scope error"",""Unilaterally draw down the project's management reserve to fund overnight shifts, ensuring the ventilation clearances are met without slipping the opening date""],""x"":1,""r"":""Real-world survival instincts tempt project managers to accept verbal client promises or use unauthorized overtime to save the date. PMI rules require absolute baseline control: document the impact, use formal change control, and execute zero unauthorized scope changes. Management reserve cannot be accessed unilaterally by the PM."",""rule"":""Changes affecting baselines, commitments, or regulated deliverables follow change control."",""taskLabel"":""Process Task 2 - Scope""}"
D1-063,Diagnostic 1,63,draft,,,people,Team Performance,P3,People Task 3 - Lead the project team,adaptive,mindset,Case,Hard,Suppressed velocity dilemma: what should the project manager do first to stabilize the project outcome?,"Introduce a mandatory definition-of-done sign-off gate that requires independent quality assurance approval before any story can enter a sprint lifecycle review, while also updating the team charter, escalation path, and quality signals for the next iteration",Reduce the team's planned story point capacity for the upcoming sprint by exactly 35% to automatically allocate room for the outstanding regression debt,"Expose the statistical link between the rising defect trend and the cultural suppression of engineering objections directly to the team, and facilitate revised working agreements that protect safety and technical dissent","Escalate the senior stakeholder's behavior to corporate human resources for creating an actively toxic, performance-blocking delivery environment",,2,C,"Expose the statistical link between the rising defect trend and the cultural suppression of engineering objections directly to the team, and facilitate revised working agreements that protect safety and technical dissent",This is a classic trap where the delivery data looks healthy (100% completion) but the underlying engine is broken due to a collapse in psychological safety. Forcing harder definition-of-done gates or shifting point quotas manually treats symptoms mechanically. The leader must address the psychological safety barrier first to allow transparency to return to the process loop.,PMI-PMP-2026-ECO | P3 People Task 3 - Lead the project team | pp. 7-8,PMI-PMP-2026-ECO | P3 People Task 3 - Lead the project team | pp. 7-8,,pp. 7-8,,,"{""d"":""people"",""t"":""Team Performance"",""task"":""P3"",""a"":""adaptive"",""pattern"":""mindset"",""format"":""Case"",""difficulty"":""Hard"",""caseHtml"":""<h3>Case: The Suppressed Velocity Dilemma</h3><p>An agile software team has met its committed velocity metrics for five consecutive sprints. However, internal testing logs indicate that escaped regression errors have quietly risen by 35%. During private one-on-one sessions, three core developers state they observed the defects but deliberately withheld their concerns during grooming and retrospectives because a senior stakeholder openly reprimands the team whenever a user story slips out of a sprint lifecycle.</p><ul><li>Sprint Commitments: 100% complete for the last 60 days.</li><li>System Reality: Customer-facing error rates are degrading rapidly.</li><li>Team Dynamic: Retrospective documentation indicates zero blockers or process impediments are being logged.</li></ul>"",""q"":""Suppressed velocity dilemma: what should the project manager do first to stabilize the project outcome?"",""o"":[""Introduce a mandatory definition-of-done sign-off gate that requires independent quality assurance approval before any story can enter a sprint lifecycle review, while also updating the team charter, escalation path, and quality signals for the next iteration"",""Reduce the team's planned story point capacity for the upcoming sprint by exactly 35% to automatically allocate room for the outstanding regression debt"",""Expose the statistical link between the rising defect trend and the cultural suppression of engineering objections directly to the team, and facilitate revised working agreements that protect safety and technical dissent"",""Escalate the senior stakeholder's behavior to corporate human resources for creating an actively toxic, performance-blocking delivery environment""],""x"":2,""r"":""This is a classic trap where the delivery data looks healthy (100% completion) but the underlying engine is broken due to a collapse in psychological safety. Forcing harder definition-of-done gates or shifting point quotas manually treats symptoms mechanically. The leader must address the psychological safety barrier first to allow transparency to return to the process loop."",""rule"":""Lead the people before managing the work: support, empower, coach, clarify, and build capability."",""taskLabel"":""People Task 3 - Lead the project team""}"
D1-064,Diagnostic 1,64,draft,,,process,Financial Governance,PR6,Process Task 6 - Finance,predictive,quantitative,Graphic,Hard,Mid-project performance metrics: what is the most strategically sound response for the project manager?,"Comply with the sponsor's directive immediately to conserve the remaining 8% of the contingency reserve before a total budget overrun occurs, while also updating the forecast narrative, reserve assumptions, and governance threshold analysis","Rebaseline the remaining work packages using a lower quality threshold baseline to bring the project's CPI metric back above 1.0, then monitor the outcome through the next reporting cycle.","Unilaterally transfer the remaining labor funds from the schedule work streams to artificially offset the active cost performance deficit, while documenting the assumptions and communicating the decision to affected stakeholders.","Demonstrate to the sponsor that eliminating quality audits will compound long-term rework costs, generate a rolling forecast model of future exposure, and present a structured request for management reserve access via formal governance",,3,D,"Demonstrate to the sponsor that eliminating quality audits will compound long-term rework costs, generate a rolling forecast model of future exposure, and present a structured request for management reserve access via formal governance","When a project faces heavy cost variance (CPI 0.74) and exhausted reserves, cutting quality metrics to save money is a critical trap that ruins long-term fitness for use. The project manager must use forecasting data to expose the true outcome risk and route the funding dilemma through formal governance.",PMI-PMP-2026-ECO | PR6 Process Task 6 - Finance | pp. 9-10,PMI-PMP-2026-ECO | PR6 Process Task 6 - Finance | pp. 9-10,,pp. 9-10,,,"{""d"":""process"",""t"":""Financial Governance"",""task"":""PR6"",""a"":""predictive"",""pattern"":""quantitative"",""format"":""Graphic"",""difficulty"":""Hard"",""graphicHtml"":""<h3>Graphic: Mid-Project Performance Metrics</h3><div class='mini-dashboard'><div class='metric alert'><b>0.74</b><span>CPI (Cost Performance)</span></div><div class='metric warn'><b>0.88</b><span>SPI (Schedule Performance)</span></div><div class='metric alert'><b>92%</b><span>Contingency Expended</span></div><div class='metric'><b>40%</b><span>Work Packages Complete</span></div></div><p class='stim-note'>The project sponsor, citing the poor CPI of 0.74, demands that the project manager immediately halt all optional quality variance audits to preserve the remaining budget allocation.</p>"",""q"":""Mid-project performance metrics: what is the most strategically sound response for the project manager?"",""o"":[""Comply with the sponsor's directive immediately to conserve the remaining 8% of the contingency reserve before a total budget overrun occurs, while also updating the forecast narrative, reserve assumptions, and governance threshold analysis"",""Rebaseline the remaining work packages using a lower quality threshold baseline to bring the project's CPI metric back above 1.0, then monitor the outcome through the next reporting cycle."",""Unilaterally transfer the remaining labor funds from the schedule work streams to artificially offset the active cost performance deficit, while documenting the assumptions and communicating the decision to affected stakeholders."",""Demonstrate to the sponsor that eliminating quality audits will compound long-term rework costs, generate a rolling forecast model of future exposure, and present a structured request for management reserve access via formal governance""],""x"":3,""r"":""When a project faces heavy cost variance (CPI 0.74) and exhausted reserves, cutting quality metrics to save money is a critical trap that ruins long-term fitness for use. The project manager must use forecasting data to expose the true outcome risk and route the funding dilemma through formal governance."",""rule"":""Financial decisions use baselines, forecasts, reserves, and governance."",""taskLabel"":""Process Task 6 - Finance""}"
D1-065,Diagnostic 1,65,draft,,,people,Stakeholder Engagement,P4,People Task 4 - Engage stakeholders,hybrid,mindset,Scenario,Hard,"A massive logistics automation platform combines predictive supply-chain hardware with adaptive digital route tracking. The global operations director is intensely resistant to the hybrid structure, routinely bypassing the project manager to complain directly to the steering committee that agile execution introduces unmanaged variance into corporate tracking tools. A critical deployment milestone is scheduled next week. What should the project manager do first?","Engage the operations director in a one-on-one alignment briefing to extract the specific reporting metrics required by his tracking tools, and tailor the project's communication delivery to meet those decision criteria","Request that the project sponsor issue a formal administrative mandate forcing the operations director to route all feedback exclusively through the PMO, while documenting the assumptions and communicating the decision to affected stakeholders.","Accelerate the deployment milestone timeline by three days to deliver the functional platform before the director can organize a formal governance block, while documenting the assumptions and communicating the decision to affected stakeholders.",Add the director's complaints to the team's retrospective issue list and allow the scrum master to address the conflict during the next iteration review,,0,A,"Engage the operations director in a one-on-one alignment briefing to extract the specific reporting metrics required by his tracking tools, and tailor the project's communication delivery to meet those decision criteria","Resistance from a powerful operational stakeholder is structural project data. Shunning the stakeholder, accelerating lines to outrun them, or trying to silence them with sponsor mandates will create downstream deployment failure. The project manager must establish the core reason for the resistance, discover their real decision needs, and align communication tools to close the gap.",PMI-PMP-2026-ECO | P4 People Task 4 - Engage stakeholders | pp. 7-8,PMI-PMP-2026-ECO | P4 People Task 4 - Engage stakeholders | pp. 7-8,,pp. 7-8,,,"{""d"":""people"",""t"":""Stakeholder Engagement"",""task"":""P4"",""a"":""hybrid"",""pattern"":""mindset"",""format"":""Scenario"",""difficulty"":""Hard"",""q"":""A massive logistics automation platform combines predictive supply-chain hardware with adaptive digital route tracking. The global operations director is intensely resistant to the hybrid structure, routinely bypassing the project manager to complain directly to the steering committee that agile execution introduces unmanaged variance into corporate tracking tools. A critical deployment milestone is scheduled next week. What should the project manager do first?"",""o"":[""Engage the operations director in a one-on-one alignment briefing to extract the specific reporting metrics required by his tracking tools, and tailor the project's communication delivery to meet those decision criteria"",""Request that the project sponsor issue a formal administrative mandate forcing the operations director to route all feedback exclusively through the PMO, while documenting the assumptions and communicating the decision to affected stakeholders."",""Accelerate the deployment milestone timeline by three days to deliver the functional platform before the director can organize a formal governance block, while documenting the assumptions and communicating the decision to affected stakeholders."",""Add the director's complaints to the team's retrospective issue list and allow the scrum master to address the conflict during the next iteration review""],""x"":0,""r"":""Resistance from a powerful operational stakeholder is structural project data. Shunning the stakeholder, accelerating lines to outrun them, or trying to silence them with sponsor mandates will create downstream deployment failure. The project manager must establish the core reason for the resistance, discover their real decision needs, and align communication tools to close the gap."",""rule"":""Engage stakeholders based on interest, power, influence, resistance, and impact."",""taskLabel"":""People Task 4 - Engage stakeholders""}"
D1-066,Diagnostic 1,66,draft,,,business,Compliance Governance,BE2,Business Environment Task 2 - Compliance,hybrid,mindset,Scenario,Hard,"An adaptive team is developing a remote patient monitoring platform. A week before the pilot deployment, international regulators pass an updated encryption requirement to protect biometric data streams. The technical lead confirms that rewriting the encryption protocols to meet the new legal standard will wipe out the remaining project contingency reserve, slip the pilot launch by six weeks, and violate a contractually guaranteed marketing milestone. The venture capital sponsor issues a direct order to release the current version as a 'limited clinical preview' while a compliance patch is built. What should the project manager do?","Process the release as a limited clinical preview to preserve market momentum, and create a high-priority compliance defect ticket for the subsequent sprint cycle","Refuse the sponsor's directive, freeze the deployment pipeline immediately, and work with legal and compliance to present a formal compliance impact analysis and a revised baseline roadmap to the steering committee","Submit a baseline change request to the Change Control Board (CCB) to extend the marketing milestone, while allowing the engineering team to continue the current non-compliant pilot pipeline",Unilaterally draw down from the corporate management reserve to onboard external contractors who can code the encryption patch without changing the pilot launch date,,1,B,"Refuse the sponsor's directive, freeze the deployment pipeline immediately, and work with legal and compliance to present a formal compliance impact analysis and a revised baseline roadmap to the steering committee","When a mandatory regulatory standard changes, compliance becomes a binary release gate. A project manager cannot trade legal accountability for venture capital pressure, marketing milestones, or clever rebranding labels ('clinical preview'). The non-compliant pipeline must be explicitly frozen, and the impact must be routed directly through formal governance pathways.",PMI-PMP-2026-ECO | BE2 Business Environment Task 2 - Compliance | pp. 11-12,PMI-PMP-2026-ECO | BE2 Business Environment Task 2 - Compliance | pp. 11-12,,pp. 11-12,,,"{""d"":""business"",""t"":""Compliance Governance"",""task"":""BE2"",""a"":""hybrid"",""pattern"":""mindset"",""format"":""Scenario"",""difficulty"":""Hard"",""q"":""An adaptive team is developing a remote patient monitoring platform. A week before the pilot deployment, international regulators pass an updated encryption requirement to protect biometric data streams. The technical lead confirms that rewriting the encryption protocols to meet the new legal standard will wipe out the remaining project contingency reserve, slip the pilot launch by six weeks, and violate a contractually guaranteed marketing milestone. The venture capital sponsor issues a direct order to release the current version as a 'limited clinical preview' while a compliance patch is built. What should the project manager do?"",""o"":[""Process the release as a limited clinical preview to preserve market momentum, and create a high-priority compliance defect ticket for the subsequent sprint cycle"",""Refuse the sponsor's directive, freeze the deployment pipeline immediately, and work with legal and compliance to present a formal compliance impact analysis and a revised baseline roadmap to the steering committee"",""Submit a baseline change request to the Change Control Board (CCB) to extend the marketing milestone, while allowing the engineering team to continue the current non-compliant pilot pipeline"",""Unilaterally draw down from the corporate management reserve to onboard external contractors who can code the encryption patch without changing the pilot launch date""],""x"":1,""r"":""When a mandatory regulatory standard changes, compliance becomes a binary release gate. A project manager cannot trade legal accountability for venture capital pressure, marketing milestones, or clever rebranding labels ('clinical preview'). The non-compliant pipeline must be explicitly frozen, and the impact must be routed directly through formal governance pathways."",""rule"":""Mandatory compliance is not traded for schedule or cost; active violations are stopped and contained first."",""taskLabel"":""Business Environment Task 2 - Compliance""}"
D1-067,Diagnostic 1,67,draft,,,process,Procurement Strategy,PR5,Process Task 5 - Procurement,predictive,content,Scenario,Hard,"A critical tier-1 software vendor delivering a custom core ledger module for a global fintech implementation delivers a major component that passes all isolated technical stress metrics. However, integrated regression testing proves that the module introduces subtle system latency that destroys the system transaction velocity outcome outlined in the procurement statement of work (SOW). The vendor's relationship director insists that because the code matches the signed-off design specification document, the delivery is complete. What should the project manager do?","Accept the deliverable because it satisfies the technical design specification document, and open an internal technical debt item to optimize the code performance locally",Terminate the vendor agreement immediately for total breach of contract and divert internal resources to rebuild the ledger module from scratch,"Withhold procurement milestone acceptance, document the system latency data against the business outcome criteria in the statement of work, and initiate the formal contract dispute resolution path",Escalate the technical standoff to the project sponsor and request an emergency budget injection to incentivize the vendor to optimize the module,,2,C,"Withhold procurement milestone acceptance, document the system latency data against the business outcome criteria in the statement of work, and initiate the formal contract dispute resolution path","Passing an isolated technical checklist or design specification document does not equal fitness for use if it systematically violates the business outcomes explicitly written into the procurement statement of work. The project manager must protect the project's value by formally withholding acceptance and triggering the contract's defined dispute/remedy pathways rather than caving to vendor pushback, paying premiums, or bailing out the vendor with internal staff.",PMI-PMP-2026-ECO | PR5 Process Task 5 - Procurement | pp. 9-10,PMI-PMP-2026-ECO | PR5 Process Task 5 - Procurement | pp. 9-10,,pp. 9-10,,,"{""d"":""process"",""t"":""Procurement Strategy"",""task"":""PR5"",""a"":""predictive"",""pattern"":""content"",""format"":""Scenario"",""difficulty"":""Hard"",""q"":""A critical tier-1 software vendor delivering a custom core ledger module for a global fintech implementation delivers a major component that passes all isolated technical stress metrics. However, integrated regression testing proves that the module introduces subtle system latency that destroys the system transaction velocity outcome outlined in the procurement statement of work (SOW). The vendor's relationship director insists that because the code matches the signed-off design specification document, the delivery is complete. What should the project manager do?"",""o"":[""Accept the deliverable because it satisfies the technical design specification document, and open an internal technical debt item to optimize the code performance locally"",""Terminate the vendor agreement immediately for total breach of contract and divert internal resources to rebuild the ledger module from scratch"",""Withhold procurement milestone acceptance, document the system latency data against the business outcome criteria in the statement of work, and initiate the formal contract dispute resolution path"",""Escalate the technical standoff to the project sponsor and request an emergency budget injection to incentivize the vendor to optimize the module""],""x"":2,""r"":""Passing an isolated technical checklist or design specification document does not equal fitness for use if it systematically violates the business outcomes explicitly written into the procurement statement of work. The project manager must protect the project's value by formally withholding acceptance and triggering the contract's defined dispute/remedy pathways rather than caving to vendor pushback, paying premiums, or bailing out the vendor with internal staff."",""rule"":""Procurement follows the agreement and contract-management process."",""taskLabel"":""Process Task 5 - Procurement""}"
D1-068,Diagnostic 1,68,draft,,,business,Scope and Change Control,BE3,Business Environment Task 3 - Change control,hybrid,content,Case,Hard,"Based on the case facts, what is the most appropriate action for the project manager?",Approve the change request immediately because the cost sits within the project manager's delegated local scope tolerance and protects regional funding,Reject the request outright because an enterprise architecture warning automatically invalidates any local scope authority regardless of cost parameters,"Decline the change request locally, but advise the division manager to submit the request as a baseline modification to the product owner for a future software release cycle, while also updating the change impact record, affected commitment map, and formal disposition path","Map out the localized cost-benefit data alongside the long-term global platform maintenance penalties, and route the strategic exception directly to the corporate steering committee for formal disposition",,3,D,"Map out the localized cost-benefit data alongside the long-term global platform maintenance penalties, and route the strategic exception directly to the corporate steering committee for formal disposition","This is an elite-level trap. Mathematically and contractually, the modification falls within the project manager's local authority boundary ($45,000 less than $50,000). However, because the change creates a direct strategic conflict with an enterprise-level objective (global standardization), it transcends simple local thresholds. The PM must perform a thorough impact analysis and escalate the strategic dilemma to the cross-functional governance body authorized to handle corporate exceptions.",PMI-PMP-2026-ECO | BE3 Business Environment Task 3 - Change control | pp. 11-12,PMI-PMP-2026-ECO | BE3 Business Environment Task 3 - Change control | pp. 11-12,,pp. 11-12,,,"{""d"":""business"",""t"":""Scope and Change Control"",""task"":""BE3"",""a"":""hybrid"",""pattern"":""content"",""format"":""Case"",""difficulty"":""Hard"",""caseHtml"":""<h3>Case: The Strategic Customization Push</h3><p>A regional division manager demands a highly customized, local tax-compliance automation layout for a global SaaS accounting platform deployment. The project manager's change matrix allows local scope adjustments up to $50,000, and this request is priced at $45,000. However, the enterprise architecture board issues a formal warning that localizing the base code will permanently compromise the core standardization objective of the platform.</p><ul><li>Local Scope Tolerance: Delegated PM authority up to $50,000.</li><li>Estimated Modification Cost: $45,000.</li><li>Project Baseline: CPI is 1.04; SPI is 1.01.</li><li>Division Signal: The division manager threatens to pull regional funding if the customization is denied.</li></ul>"",""q"":""Based on the case facts, what is the most appropriate action for the project manager?"",""o"":[""Approve the change request immediately because the cost sits within the project manager's delegated local scope tolerance and protects regional funding"",""Reject the request outright because an enterprise architecture warning automatically invalidates any local scope authority regardless of cost parameters"",""Decline the change request locally, but advise the division manager to submit the request as a baseline modification to the product owner for a future software release cycle, while also updating the change impact record, affected commitment map, and formal disposition path"",""Map out the localized cost-benefit data alongside the long-term global platform maintenance penalties, and route the strategic exception directly to the corporate steering committee for formal disposition""],""x"":3,""r"":""This is an elite-level trap. Mathematically and contractually, the modification falls within the project manager's local authority boundary ($45,000 less than $50,000). However, because the change creates a direct strategic conflict with an enterprise-level objective (global standardization), it transcends simple local thresholds. The PM must perform a thorough impact analysis and escalate the strategic dilemma to the cross-functional governance body authorized to handle corporate exceptions."",""rule"":""Changes affecting baselines, commitments, or regulated deliverables follow change control."",""taskLabel"":""Business Environment Task 3 - Change control""}"
D1-069,Diagnostic 1,69,draft,,,process,Schedule Control,PR8,Process Task 8 - Schedule,predictive,quantitative,Graphic,Hard,"Based on the metrics graphic, what should the project manager do first before responding to the engineering lead?","Evaluate the downstream safety constraints, cost performance penalties (CPI 0.71), and secondary risk exposures of double-shifting, and present the alternatives to the CCB",Approve the schedule crashing request immediately to compress the schedule and recover the 32 days of negative float,"Reject the crashing request because a CPI of 0.71 indicates that the project cannot absorb the financial premium of overtime labor, while also updating schedule assumptions, downstream dependency exposure, and the corrective-action owner",Rebaseline the project timeline by 32 days to eliminate the negative float and return the overall SPI back to a normal state,,0,A,"Evaluate the downstream safety constraints, cost performance penalties (CPI 0.71), and secondary risk exposures of double-shifting, and present the alternatives to the CCB","Faced with massive critical path slippage (-32 days total float), real-world managers panic and immediately authorize crash tactics like mandatory overtime or double-shifting. However, your data graphic shows that cost performance is already severely degraded (CPI 0.71). Crashing blindly will trigger catastrophic budget overruns and severe safety/quality risks. The PM must evaluate the total multi-constraint impact and force the Change Control Board (CCB) to pick the tradeoff scenario.",PMI-PMP-2026-ECO | PR8 Process Task 8 - Schedule | pp. 9-10,PMI-PMP-2026-ECO | PR8 Process Task 8 - Schedule | pp. 9-10,,pp. 9-10,,,"{""d"":""process"",""t"":""Schedule Control"",""task"":""PR8"",""a"":""predictive"",""pattern"":""quantitative"",""format"":""Graphic"",""difficulty"":""Hard"",""graphicHtml"":""<h3>Graphic: Critical Path Overrun Diagnostic</h3><div class='mini-dashboard'><div class='metric error'><b>-32 Days</b><span>Project Float (Total)</span></div><div class='metric alert'><b>0.71</b><span>Critical Path CPI</span></div><div class='metric warn'><b>0.82</b><span>Overall SPI</span></div><div class='metric'><b>18 Days</b><span>Remaining Buffer</span></div></div><p class='stim-note'>An essential upstream environmental impact assessment feeds the critical path and has slipped by 32 days. The engineering lead requests immediate authorization to crash the schedule by double-shifting the downstream civil construction crews.</p>"",""q"":""Based on the metrics graphic, what should the project manager do first before responding to the engineering lead?"",""o"":[""Evaluate the downstream safety constraints, cost performance penalties (CPI 0.71), and secondary risk exposures of double-shifting, and present the alternatives to the CCB"",""Approve the schedule crashing request immediately to compress the schedule and recover the 32 days of negative float"",""Reject the crashing request because a CPI of 0.71 indicates that the project cannot absorb the financial premium of overtime labor, while also updating schedule assumptions, downstream dependency exposure, and the corrective-action owner"",""Rebaseline the project timeline by 32 days to eliminate the negative float and return the overall SPI back to a normal state""],""x"":0,""r"":""Faced with massive critical path slippage (-32 days total float), real-world managers panic and immediately authorize crash tactics like mandatory overtime or double-shifting. However, your data graphic shows that cost performance is already severely degraded (CPI 0.71). Crashing blindly will trigger catastrophic budget overruns and severe safety/quality risks. The PM must evaluate the total multi-constraint impact and force the Change Control Board (CCB) to pick the tradeoff scenario."",""rule"":""Schedule control uses evidence, blockers, variance, forecasts, and transparent corrective action."",""taskLabel"":""Process Task 8 - Schedule""}"
D1-070,Diagnostic 1,70,draft,,,business,Issue Intervention,BE4,Business Environment Task 4 - Issues/impediments,adaptive,mindset,Scenario,Hard,"An adaptive project is rolling out an automated logistics scheduling framework across a global warehouse network. Two weeks after the site-1 launch, actual platform transaction metrics show that processing speeds are 40% slower than the legacy manual process because warehouse floor staff are intentionally inputting duplicate verification parameters to bypass a tracking feature they distrust. The product owner wants to drop site-1 support and accelerate deployment to site-2 to protect the baseline timeline. What should the project manager do first?","Approve the product owner's request to pivot deployment to site-2 to minimize overall timeline drift and protect the corporate schedule baseline, then update the affected plans and communicate the rationale to stakeholders.","Treat the site-1 adoption gap as a critical project issue, halt downstream site-2 rollouts, and coordinate with site leaders to analyze the user behavioral barrier and correct the workflow specs","Issue an administrative directive making platform training mandatory for all warehouse floor staff, with performance sanctions for non-compliance, while documenting the assumptions and communicating the decision to affected stakeholders.","Log the staff resistance inside the retrospective database and allow the scrum team to adjust velocity expectations for the next iteration cycle, while documenting the assumptions and communicating the decision to affected stakeholders.",,1,B,"Treat the site-1 adoption gap as a critical project issue, halt downstream site-2 rollouts, and coordinate with site leaders to analyze the user behavioral barrier and correct the workflow specs","Accelerating a deployment pipeline to a new site when the live site is actively failing due to a behavioral adoption collapse is an explicit trap. Running away from a localized failure doesn't fix a broken system blueprint. The project manager must classify the event as a critical project issue, freeze downstream deployment risk, figure out the human behavioral blocker, and repair the workflow before scaling.",PMI-PMP-2026-ECO | BE4 Business Environment Task 4 - Issues/impediments | pp. 11-12,PMI-PMP-2026-ECO | BE4 Business Environment Task 4 - Issues/impediments | pp. 11-12,,pp. 11-12,,,"{""d"":""business"",""t"":""Issue Intervention"",""task"":""BE4"",""a"":""adaptive"",""pattern"":""mindset"",""format"":""Scenario"",""difficulty"":""Hard"",""q"":""An adaptive project is rolling out an automated logistics scheduling framework across a global warehouse network. Two weeks after the site-1 launch, actual platform transaction metrics show that processing speeds are 40% slower than the legacy manual process because warehouse floor staff are intentionally inputting duplicate verification parameters to bypass a tracking feature they distrust. The product owner wants to drop site-1 support and accelerate deployment to site-2 to protect the baseline timeline. What should the project manager do first?"",""o"":[""Approve the product owner's request to pivot deployment to site-2 to minimize overall timeline drift and protect the corporate schedule baseline, then update the affected plans and communicate the rationale to stakeholders."",""Treat the site-1 adoption gap as a critical project issue, halt downstream site-2 rollouts, and coordinate with site leaders to analyze the user behavioral barrier and correct the workflow specs"",""Issue an administrative directive making platform training mandatory for all warehouse floor staff, with performance sanctions for non-compliance, while documenting the assumptions and communicating the decision to affected stakeholders."",""Log the staff resistance inside the retrospective database and allow the scrum team to adjust velocity expectations for the next iteration cycle, while documenting the assumptions and communicating the decision to affected stakeholders.""],""x"":1,""r"":""Accelerating a deployment pipeline to a new site when the live site is actively failing due to a behavioral adoption collapse is an explicit trap. Running away from a localized failure doesn't fix a broken system blueprint. The project manager must classify the event as a critical project issue, freeze downstream deployment risk, figure out the human behavioral blocker, and repair the workflow before scaling."",""rule"":""Active issues and impediments need ownership, intervention, and transparent communication."",""taskLabel"":""Business Environment Task 4 - Issues/impediments""}"
D1-071,Diagnostic 1,71,draft,,,people,Stakeholder Expectations,P5,People Task 5 - Align stakeholder expectations,hybrid,mindset,Case,Hard,Regulated pilot release expectations: what should the project manager do first to address the competing release pressures?,"Let the product owner preserve the sprint goal because agile teams should avoid mid-sprint disruption, while also documenting assumptions, readiness thresholds, and the tradeoff criteria for later governance review",Ask operations to create a temporary workaround and launch as planned,"Facilitate a release-readiness decision using compliance, support readiness, and benefit impact before recommending launch",Escalate the disagreement to the sponsor without analysis,,2,C,"Facilitate a release-readiness decision using compliance, support readiness, and benefit impact before recommending launch","Use the case facts to identify the active decision and avoid reacting to pressure, authority, or schedule alone.",PMI-PMP-2026-ECO | P5 People Task 5 - Align stakeholder expectations | pp. 7-8,PMI-PMP-2026-ECO | P5 People Task 5 - Align stakeholder expectations | pp. 7-8,,pp. 7-8,,,"{""d"":""people"",""t"":""Stakeholder Expectations"",""task"":""P5"",""a"":""hybrid"",""pattern"":""mindset"",""format"":""Case"",""difficulty"":""Hard"",""caseHtml"":""<h3>Case: Regulated pilot release</h3><p>A hybrid project is preparing a pilot for a digital intake workflow. The sponsor wants the pilot launched before a steering committee update. Compliance has identified missing consent language for one user group, operations says the support guide is incomplete, and the product owner wants to keep the sprint goal unchanged.</p><ul><li>Benefit target: reduce intake cycle time by 25%.</li><li>Current issue: support staff cannot answer two common user questions.</li><li>Risk trigger: a regulatory review is required before external pilot use.</li><li>Constraint: the steering committee expects a recommendation in three days.</li></ul>"",""q"":""Regulated pilot release expectations: what should the project manager do first to address the competing release pressures?"",""o"":[""Let the product owner preserve the sprint goal because agile teams should avoid mid-sprint disruption, while also documenting assumptions, readiness thresholds, and the tradeoff criteria for later governance review"",""Ask operations to create a temporary workaround and launch as planned"",""Facilitate a release-readiness decision using compliance, support readiness, and benefit impact before recommending launch"",""Escalate the disagreement to the sponsor without analysis""],""x"":2,""r"":""Use the case facts to identify the active decision and avoid reacting to pressure, authority, or schedule alone."",""rule"":""Align stakeholder expectations and decision rules before committing work."",""taskLabel"":""People Task 5 - Align stakeholder expectations""}"
D1-072,Diagnostic 1,72,draft,,,business,Compliance,BE2,Business Environment Task 2 - Compliance,hybrid,mindset,Case,Hard,Regulated pilot consent gap: what should the project manager do first about the missing consent language?,Continue the pilot internally until external users are involved,"Ask the sponsor whether the steering committee date justifies the risk, while also documenting legal assumptions, exposure containment steps, and the decision authority for release",Add consent language later and document the issue as a lesson learned,"Stop the noncompliant collection path, contain exposure, and engage the compliance authority",,3,D,"Stop the noncompliant collection path, contain exposure, and engage the compliance authority","Use the case facts to identify the active decision and avoid reacting to pressure, authority, or schedule alone.",PMI-PMP-2026-ECO | BE2 Business Environment Task 2 - Compliance | pp. 11-12,PMI-PMP-2026-ECO | BE2 Business Environment Task 2 - Compliance | pp. 11-12,,pp. 11-12,,,"{""d"":""business"",""t"":""Compliance"",""task"":""BE2"",""a"":""hybrid"",""pattern"":""mindset"",""format"":""Case"",""difficulty"":""Hard"",""caseHtml"":""<h3>Case: Regulated pilot release</h3><p>A hybrid project is preparing a pilot for a digital intake workflow. The sponsor wants the pilot launched before a steering committee update. Compliance has identified missing consent language for one user group, operations says the support guide is incomplete, and the product owner wants to keep the sprint goal unchanged.</p><ul><li>Benefit target: reduce intake cycle time by 25%.</li><li>Current issue: support staff cannot answer two common user questions.</li><li>Risk trigger: a regulatory review is required before external pilot use.</li><li>Constraint: the steering committee expects a recommendation in three days.</li></ul>"",""q"":""Regulated pilot consent gap: what should the project manager do first about the missing consent language?"",""o"":[""Continue the pilot internally until external users are involved"",""Ask the sponsor whether the steering committee date justifies the risk, while also documenting legal assumptions, exposure containment steps, and the decision authority for release"",""Add consent language later and document the issue as a lesson learned"",""Stop the noncompliant collection path, contain exposure, and engage the compliance authority""],""x"":3,""r"":""Use the case facts to identify the active decision and avoid reacting to pressure, authority, or schedule alone."",""rule"":""Mandatory compliance is not traded for schedule or cost; active violations are stopped and contained first."",""taskLabel"":""Business Environment Task 2 - Compliance""}"
D1-073,Diagnostic 1,73,draft,,,business,Risk Response Execution,BE5,Business Environment Task 5 - Risk,hybrid,risk,Case,Hard,Regulated pilot review trigger: which risk response behavior is most appropriate?,Treat the review trigger as active and execute the planned response or escalation path,Wait until the regulatory review fails before acting,"Move the risk to lessons learned because the issue is already known, while also documenting trigger evidence, response ownership, residual exposure, and escalation thresholds",Ask the product owner to accept the risk for this sprint,,0,A,Treat the review trigger as active and execute the planned response or escalation path,"Use the case facts to identify the active decision and avoid reacting to pressure, authority, or schedule alone.",PMI-PMP-2026-ECO | BE5 Business Environment Task 5 - Risk | pp. 11-12,PMI-PMP-2026-ECO | BE5 Business Environment Task 5 - Risk | pp. 11-12,,pp. 11-12,,,"{""d"":""business"",""t"":""Risk Response Execution"",""task"":""BE5"",""a"":""hybrid"",""pattern"":""risk"",""format"":""Case"",""difficulty"":""Hard"",""caseHtml"":""<h3>Case: Regulated pilot release</h3><p>A hybrid project is preparing a pilot for a digital intake workflow. The sponsor wants the pilot launched before a steering committee update. Compliance has identified missing consent language for one user group, operations says the support guide is incomplete, and the product owner wants to keep the sprint goal unchanged.</p><ul><li>Benefit target: reduce intake cycle time by 25%.</li><li>Current issue: support staff cannot answer two common user questions.</li><li>Risk trigger: a regulatory review is required before external pilot use.</li><li>Constraint: the steering committee expects a recommendation in three days.</li></ul>"",""q"":""Regulated pilot review trigger: which risk response behavior is most appropriate?"",""o"":[""Treat the review trigger as active and execute the planned response or escalation path"",""Wait until the regulatory review fails before acting"",""Move the risk to lessons learned because the issue is already known, while also documenting trigger evidence, response ownership, residual exposure, and escalation thresholds"",""Ask the product owner to accept the risk for this sprint""],""x"":0,""r"":""Use the case facts to identify the active decision and avoid reacting to pressure, authority, or schedule alone."",""rule"":""Risk work is proactive before the trigger and issue management after realization."",""taskLabel"":""Business Environment Task 5 - Risk""}"
D1-074,Diagnostic 1,74,draft,,,process,Quality,PR7,Process Task 7 - Quality,hybrid,mindset,Case,Hard,Vendor migration quality result: what should the project manager do first about the 96.8% clean-record sample?,Accept the migration because the vendor is meeting milestone dates,"Analyze the quality variance, affected segment, and correction options before cutover approval",Ask marketing to delay its campaign without further analysis,"Close the quality issue because the overall migration may still pass, while also documenting acceptance evidence, defect containment assumptions, and verification sequencing",,1,B,"Analyze the quality variance, affected segment, and correction options before cutover approval","Use the case facts to identify the active decision and avoid reacting to pressure, authority, or schedule alone.",PMI-PMP-2026-ECO | PR7 Process Task 7 - Quality | pp. 9-10,PMI-PMP-2026-ECO | PR7 Process Task 7 - Quality | pp. 9-10,,pp. 9-10,,,"{""d"":""process"",""t"":""Quality"",""task"":""PR7"",""a"":""hybrid"",""pattern"":""mindset"",""format"":""Case"",""difficulty"":""Hard"",""caseHtml"":""<h3>Case: Vendor data migration</h3><p>A vendor is migrating customer data into a new platform. The contract includes a fixed cutover date and a quality threshold for migrated records. The vendor is meeting milestones, but sample testing shows errors in a high-value customer segment. The sponsor wants the date protected because a marketing campaign depends on the launch.</p><ul><li>Quality threshold: 99.5% clean records.</li><li>Current sample result: 96.8% clean records in one segment.</li><li>Contract note: the vendor must disclose subcontractors handling customer data.</li><li>Business risk: launch delay may affect campaign revenue.</li></ul>"",""q"":""Vendor migration quality result: what should the project manager do first about the 96.8% clean-record sample?"",""o"":[""Accept the migration because the vendor is meeting milestone dates"",""Analyze the quality variance, affected segment, and correction options before cutover approval"",""Ask marketing to delay its campaign without further analysis"",""Close the quality issue because the overall migration may still pass, while also documenting acceptance evidence, defect containment assumptions, and verification sequencing""],""x"":1,""r"":""Use the case facts to identify the active decision and avoid reacting to pressure, authority, or schedule alone."",""rule"":""Quality means fitness for use and agreed acceptance criteria."",""taskLabel"":""Process Task 7 - Quality""}"
D1-075,Diagnostic 1,75,draft,,,process,Procurement Acceptance,PR5,Process Task 5 - Procurement,hybrid,mindset,Case,Hard,Vendor migration subcontractor disclosure: what should the project manager do before acceptance?,Ignore it because milestone performance is strong,Terminate the vendor immediately,Use the contract-management process to address the undisclosed subcontractor before acceptance,"Wait until after cutover to avoid disrupting the schedule, while also documenting contract assumptions, acceptance evidence, and the vendor accountability path",,2,C,Use the contract-management process to address the undisclosed subcontractor before acceptance,"Use the case facts to identify the active decision and avoid reacting to pressure, authority, or schedule alone.",PMI-PMP-2026-ECO | PR5 Process Task 5 - Procurement | pp. 9-10,PMI-PMP-2026-ECO | PR5 Process Task 5 - Procurement | pp. 9-10,,pp. 9-10,,,"{""d"":""process"",""t"":""Procurement Acceptance"",""task"":""PR5"",""a"":""hybrid"",""pattern"":""mindset"",""format"":""Case"",""difficulty"":""Hard"",""caseHtml"":""<h3>Case: Vendor data migration</h3><p>A vendor is migrating customer data into a new platform. The contract includes a fixed cutover date and a quality threshold for migrated records. The vendor is meeting milestones, but sample testing shows errors in a high-value customer segment. The sponsor wants the date protected because a marketing campaign depends on the launch.</p><ul><li>Quality threshold: 99.5% clean records.</li><li>Current sample result: 96.8% clean records in one segment.</li><li>Contract note: the vendor must disclose subcontractors handling customer data.</li><li>Business risk: launch delay may affect campaign revenue.</li></ul>"",""q"":""Vendor migration subcontractor disclosure: what should the project manager do before acceptance?"",""o"":[""Ignore it because milestone performance is strong"",""Terminate the vendor immediately"",""Use the contract-management process to address the undisclosed subcontractor before acceptance"",""Wait until after cutover to avoid disrupting the schedule, while also documenting contract assumptions, acceptance evidence, and the vendor accountability path""],""x"":2,""r"":""Use the case facts to identify the active decision and avoid reacting to pressure, authority, or schedule alone."",""rule"":""Procurement follows the agreement and contract-management process."",""taskLabel"":""Process Task 5 - Procurement""}"
D1-076,Diagnostic 1,76,draft,,,business,Governance,BE1,Business Environment Task 1 - Governance,hybrid,mindset,Case,Hard,Vendor migration campaign tradeoff: who should decide whether the campaign date is worth the quality and data-handling exposure?,"The project manager alone, because the project manager owns delivery, while also documenting the decision threshold, escalation path, and governance authority for future reference","The vendor, because the vendor owns the migration work","The marketing team, because campaign revenue is affected","The authorized governance body, using clear impact analysis and options",,3,D,"The authorized governance body, using clear impact analysis and options","Use the case facts to identify the active decision and avoid reacting to pressure, authority, or schedule alone.",PMI-PMP-2026-ECO | BE1 Business Environment Task 1 - Governance | pp. 11-12,PMI-PMP-2026-ECO | BE1 Business Environment Task 1 - Governance | pp. 11-12,,pp. 11-12,,,"{""d"":""business"",""t"":""Governance"",""task"":""BE1"",""a"":""hybrid"",""pattern"":""mindset"",""format"":""Case"",""difficulty"":""Hard"",""caseHtml"":""<h3>Case: Vendor data migration</h3><p>A vendor is migrating customer data into a new platform. The contract includes a fixed cutover date and a quality threshold for migrated records. The vendor is meeting milestones, but sample testing shows errors in a high-value customer segment. The sponsor wants the date protected because a marketing campaign depends on the launch.</p><ul><li>Quality threshold: 99.5% clean records.</li><li>Current sample result: 96.8% clean records in one segment.</li><li>Contract note: the vendor must disclose subcontractors handling customer data.</li><li>Business risk: launch delay may affect campaign revenue.</li></ul>"",""q"":""Vendor migration campaign tradeoff: who should decide whether the campaign date is worth the quality and data-handling exposure?"",""o"":[""The project manager alone, because the project manager owns delivery, while also documenting the decision threshold, escalation path, and governance authority for future reference"",""The vendor, because the vendor owns the migration work"",""The marketing team, because campaign revenue is affected"",""The authorized governance body, using clear impact analysis and options""],""x"":3,""r"":""Use the case facts to identify the active decision and avoid reacting to pressure, authority, or schedule alone."",""rule"":""Governance defines decision rights, thresholds, success measures, and escalation paths."",""taskLabel"":""Business Environment Task 1 - Governance""}"
D1-077,Diagnostic 1,77,draft,,,people,Common Vision,P1,People Task 1 - Develop a common vision,hybrid,mindset,Case,Hard,Team leadership alignment gap: what is the project manager’s first priority?,"Re-establish a common vision and decision criteria across product, compliance, and operations",Let each function define success for its own workstream,Ask senior contributors to stop bypassing retrospectives,"Move all decisions to the sponsor until the team stabilizes, while also documenting how unresolved success criteria would affect later acceptance and benefits decisions",,0,A,"Re-establish a common vision and decision criteria across product, compliance, and operations","Use the case facts to identify the active decision and avoid reacting to pressure, authority, or schedule alone.",PMI-PMP-2026-ECO | P1 People Task 1 - Develop a common vision | pp. 7-8,PMI-PMP-2026-ECO | P1 People Task 1 - Develop a common vision | pp. 7-8,,pp. 7-8,,,"{""d"":""people"",""t"":""Common Vision"",""task"":""P1"",""a"":""hybrid"",""pattern"":""mindset"",""format"":""Case"",""difficulty"":""Hard"",""caseHtml"":""<h3>Case: Team leadership and shared vision</h3><p>A cross-functional team is building a customer analytics dashboard. Product, compliance, and operations each define success differently. The team is capable, but decisions keep changing depending on who attends refinement. Two senior contributors have started bypassing retrospectives because they believe leadership will override team decisions anyway.</p><ul><li>Product goal: faster insight for sales teams.</li><li>Compliance goal: minimize privacy exposure.</li><li>Operations goal: reduce manual reporting effort.</li><li>Team signal: conflict repeats after each alignment meeting.</li></ul>"",""q"":""Team leadership alignment gap: what is the project manager’s first priority?"",""o"":[""Re-establish a common vision and decision criteria across product, compliance, and operations"",""Let each function define success for its own workstream"",""Ask senior contributors to stop bypassing retrospectives"",""Move all decisions to the sponsor until the team stabilizes, while also documenting how unresolved success criteria would affect later acceptance and benefits decisions""],""x"":0,""r"":""Use the case facts to identify the active decision and avoid reacting to pressure, authority, or schedule alone."",""rule"":""Create shared understanding before optimizing local choices."",""taskLabel"":""People Task 1 - Develop a common vision""}"
D1-078,Diagnostic 1,78,draft,,,people,Conflict Management,P2,People Task 2 - Manage conflicts,hybrid,mindset,Case,Hard,Team leadership recurring conflict: how should the project manager handle the repeating disagreement?,"Repeat the same alignment meeting because consensus is always preferred, while also clarifying the decision criteria, behavioral expectations, and ownership of the next action",Separate the decision criteria problem from the interpersonal behavior and address both explicitly,Ignore the behavior and focus only on dashboard delivery,Replace the senior contributors who skip retrospectives,,1,B,Separate the decision criteria problem from the interpersonal behavior and address both explicitly,"Use the case facts to identify the active decision and avoid reacting to pressure, authority, or schedule alone.",PMI-PMP-2026-ECO | P2 People Task 2 - Manage conflicts | pp. 7-8,PMI-PMP-2026-ECO | P2 People Task 2 - Manage conflicts | pp. 7-8,,pp. 7-8,,,"{""d"":""people"",""t"":""Conflict Management"",""task"":""P2"",""a"":""hybrid"",""pattern"":""mindset"",""format"":""Case"",""difficulty"":""Hard"",""caseHtml"":""<h3>Case: Team leadership and shared vision</h3><p>A cross-functional team is building a customer analytics dashboard. Product, compliance, and operations each define success differently. The team is capable, but decisions keep changing depending on who attends refinement. Two senior contributors have started bypassing retrospectives because they believe leadership will override team decisions anyway.</p><ul><li>Product goal: faster insight for sales teams.</li><li>Compliance goal: minimize privacy exposure.</li><li>Operations goal: reduce manual reporting effort.</li><li>Team signal: conflict repeats after each alignment meeting.</li></ul>"",""q"":""Team leadership recurring conflict: how should the project manager handle the repeating disagreement?"",""o"":[""Repeat the same alignment meeting because consensus is always preferred, while also clarifying the decision criteria, behavioral expectations, and ownership of the next action"",""Separate the decision criteria problem from the interpersonal behavior and address both explicitly"",""Ignore the behavior and focus only on dashboard delivery"",""Replace the senior contributors who skip retrospectives""],""x"":1,""r"":""Use the case facts to identify the active decision and avoid reacting to pressure, authority, or schedule alone."",""rule"":""Use the appropriate conflict response: collaborate when time allows, decide within authority when time has run out, and escalate only when the decision exceeds the project manager role."",""taskLabel"":""People Task 2 - Manage conflicts""}"
D1-079,Diagnostic 1,79,draft,,,people,Leadership Style,P3,People Task 3 - Lead the project team,hybrid,mindset,Case,Hard,Team leadership ownership signal: what leadership behavior best fits the situation?,"Direct every dashboard decision until trust returns, while also updating the team charter, escalation path, and quality signals for the next iteration",Let the team self-organize without intervention,"Rebuild team ownership by clarifying boundaries, supporting participation, and making decision rules transparent",Escalate all disagreements to functional managers,,2,C,"Rebuild team ownership by clarifying boundaries, supporting participation, and making decision rules transparent","Use the case facts to identify the active decision and avoid reacting to pressure, authority, or schedule alone.",PMI-PMP-2026-ECO | P3 People Task 3 - Lead the project team | pp. 7-8,PMI-PMP-2026-ECO | P3 People Task 3 - Lead the project team | pp. 7-8,,pp. 7-8,,,"{""d"":""people"",""t"":""Leadership Style"",""task"":""P3"",""a"":""hybrid"",""pattern"":""mindset"",""format"":""Case"",""difficulty"":""Hard"",""caseHtml"":""<h3>Case: Team leadership and shared vision</h3><p>A cross-functional team is building a customer analytics dashboard. Product, compliance, and operations each define success differently. The team is capable, but decisions keep changing depending on who attends refinement. Two senior contributors have started bypassing retrospectives because they believe leadership will override team decisions anyway.</p><ul><li>Product goal: faster insight for sales teams.</li><li>Compliance goal: minimize privacy exposure.</li><li>Operations goal: reduce manual reporting effort.</li><li>Team signal: conflict repeats after each alignment meeting.</li></ul>"",""q"":""Team leadership ownership signal: what leadership behavior best fits the situation?"",""o"":[""Direct every dashboard decision until trust returns, while also updating the team charter, escalation path, and quality signals for the next iteration"",""Let the team self-organize without intervention"",""Rebuild team ownership by clarifying boundaries, supporting participation, and making decision rules transparent"",""Escalate all disagreements to functional managers""],""x"":2,""r"":""Use the case facts to identify the active decision and avoid reacting to pressure, authority, or schedule alone."",""rule"":""Lead the people before managing the work: support, empower, coach, clarify, and build capability."",""taskLabel"":""People Task 3 - Lead the project team""}"
D1-080,Diagnostic 1,80,draft,,,business,External Environment,BE8,Business Environment Task 8 - External changes,hybrid,mindset,Case,Hard,Market shift competitor signal: what should the project manager do first?,Add the competitor feature immediately so customers do not leave,"Continue the approved backlog because the sponsor called the feature superficial, while also updating the external-change impact summary, value assumptions, and governance recommendation",Request a new business case before any analysis occurs,"Assess the market signal’s impact on value, risk, and priorities before recommending a backlog change",,3,D,"Assess the market signal’s impact on value, risk, and priorities before recommending a backlog change","Use the case facts to identify the active decision and avoid reacting to pressure, authority, or schedule alone.",PMI-PMP-2026-ECO | BE8 Business Environment Task 8 - External changes | pp. 11-12,PMI-PMP-2026-ECO | BE8 Business Environment Task 8 - External changes | pp. 11-12,,pp. 11-12,,,"{""d"":""business"",""t"":""External Environment"",""task"":""BE8"",""a"":""hybrid"",""pattern"":""mindset"",""format"":""Case"",""difficulty"":""Hard"",""caseHtml"":""<h3>Case: Market and strategy shift</h3><p>A competitor releases a feature that changes customer expectations. The current backlog still supports the approved business case, but customer interviews suggest the competitor feature may affect adoption. The sponsor initially calls the feature superficial, while the product owner wants to add comparable functionality immediately.</p><ul><li>Business case: adoption target in the first six months after launch.</li><li>Customer signal: three major clients asked about the competitor feature.</li><li>Constraint: adding the feature may displace compliance work.</li><li>Governance: product scope changes require value and risk analysis.</li></ul>"",""q"":""Market shift competitor signal: what should the project manager do first?"",""o"":[""Add the competitor feature immediately so customers do not leave"",""Continue the approved backlog because the sponsor called the feature superficial, while also updating the external-change impact summary, value assumptions, and governance recommendation"",""Request a new business case before any analysis occurs"",""Assess the market signal’s impact on value, risk, and priorities before recommending a backlog change""],""x"":3,""r"":""Use the case facts to identify the active decision and avoid reacting to pressure, authority, or schedule alone."",""rule"":""External changes must be evaluated for project impact and routed through governance when needed."",""taskLabel"":""Business Environment Task 8 - External changes""}"
D1-081,Diagnostic 1,81,draft,,,process,Value Delivery,PR3,Process Task 3 - Value-based delivery,hybrid,mindset,Case,Hard,Market shift value decision: which factor should drive the recommendation?,"The effect on adoption, benefits, compliance displacement, and value tradeoffs","Whether the competitor feature is technically interesting, while documenting the assumptions and communicating the decision to affected stakeholders.","The product owner’s preference for feature parity, while documenting the assumptions and communicating the decision to affected stakeholders.","Whether the current backlog is already approved, while documenting the assumptions and communicating the decision to affected stakeholders.",,0,A,"The effect on adoption, benefits, compliance displacement, and value tradeoffs","Use the case facts to identify the active decision and avoid reacting to pressure, authority, or schedule alone.",PMI-PMP-2026-ECO | PR3 Process Task 3 - Value-based delivery | pp. 9-10,PMI-PMP-2026-ECO | PR3 Process Task 3 - Value-based delivery | pp. 9-10,,pp. 9-10,,,"{""d"":""process"",""t"":""Value Delivery"",""task"":""PR3"",""a"":""hybrid"",""pattern"":""mindset"",""format"":""Case"",""difficulty"":""Hard"",""caseHtml"":""<h3>Case: Market and strategy shift</h3><p>A competitor releases a feature that changes customer expectations. The current backlog still supports the approved business case, but customer interviews suggest the competitor feature may affect adoption. The sponsor initially calls the feature superficial, while the product owner wants to add comparable functionality immediately.</p><ul><li>Business case: adoption target in the first six months after launch.</li><li>Customer signal: three major clients asked about the competitor feature.</li><li>Constraint: adding the feature may displace compliance work.</li><li>Governance: product scope changes require value and risk analysis.</li></ul>"",""q"":""Market shift value decision: which factor should drive the recommendation?"",""o"":[""The effect on adoption, benefits, compliance displacement, and value tradeoffs"",""Whether the competitor feature is technically interesting, while documenting the assumptions and communicating the decision to affected stakeholders."",""The product owner’s preference for feature parity, while documenting the assumptions and communicating the decision to affected stakeholders."",""Whether the current backlog is already approved, while documenting the assumptions and communicating the decision to affected stakeholders.""],""x"":0,""r"":""Use the case facts to identify the active decision and avoid reacting to pressure, authority, or schedule alone."",""rule"":""Value-based delivery protects outcomes and benefits, not only task completion."",""taskLabel"":""Process Task 3 - Value-based delivery""}"
D1-082,Diagnostic 1,82,draft,,,business,Change Control Execution,BE3,Business Environment Task 3 - Change control,hybrid,mindset,Case,Hard,Market shift compliance displacement: what is the correct control behavior?,"Let the product owner reprioritize because backlog order is adaptive, while documenting the assumptions and communicating the decision to affected stakeholders.",Route the impact through the appropriate governance/change path because a commitment may be displaced,"Make the change and document it after the sprint, while documenting the assumptions and communicating the decision to affected stakeholders.","Reject the change automatically because compliance work can never move, and present the resulting cost and schedule impact at the next governance review.",,1,B,Route the impact through the appropriate governance/change path because a commitment may be displaced,"Use the case facts to identify the active decision and avoid reacting to pressure, authority, or schedule alone.",PMI-PMP-2026-ECO | BE3 Business Environment Task 3 - Change control | pp. 11-12,PMI-PMP-2026-ECO | BE3 Business Environment Task 3 - Change control | pp. 11-12,,pp. 11-12,,,"{""d"":""business"",""t"":""Change Control Execution"",""task"":""BE3"",""a"":""hybrid"",""pattern"":""mindset"",""format"":""Case"",""difficulty"":""Hard"",""caseHtml"":""<h3>Case: Market and strategy shift</h3><p>A competitor releases a feature that changes customer expectations. The current backlog still supports the approved business case, but customer interviews suggest the competitor feature may affect adoption. The sponsor initially calls the feature superficial, while the product owner wants to add comparable functionality immediately.</p><ul><li>Business case: adoption target in the first six months after launch.</li><li>Customer signal: three major clients asked about the competitor feature.</li><li>Constraint: adding the feature may displace compliance work.</li><li>Governance: product scope changes require value and risk analysis.</li></ul>"",""q"":""Market shift compliance displacement: what is the correct control behavior?"",""o"":[""Let the product owner reprioritize because backlog order is adaptive, while documenting the assumptions and communicating the decision to affected stakeholders."",""Route the impact through the appropriate governance/change path because a commitment may be displaced"",""Make the change and document it after the sprint, while documenting the assumptions and communicating the decision to affected stakeholders."",""Reject the change automatically because compliance work can never move, and present the resulting cost and schedule impact at the next governance review.""],""x"":1,""r"":""Use the case facts to identify the active decision and avoid reacting to pressure, authority, or schedule alone."",""rule"":""Changes affecting baselines, commitments, or regulated deliverables follow change control."",""taskLabel"":""Business Environment Task 3 - Change control""}"
D1-083,Diagnostic 1,83,draft,,,process,Schedule Trend Interpretation,PR8,Process Task 8 - Schedule,hybrid,content,Graphic,Hard,"Based on the burn-down snapshot, what should the project manager do first?",Ask the product owner to remove lower-value stories until the actual line returns to the ideal trend.,Extend the sprint after confirming the team cannot complete the remaining work at current velocity.,"Analyze the blocked stories and defect load, reforecast the remaining work, and make the release exposure visible.",Add temporary capacity to the three blocked stories and retain the existing sprint forecast.,,2,C,"Analyze the blocked stories and defect load, reforecast the remaining work, and make the release exposure visible.","The chart shows a material gap driven by blockers and defects. The first move is to understand and reforecast before selecting scope, time, or resource action.",PMI-PMP-2026-ECO | PR8 Process Task 8 - Schedule | pp. 9-10,PMI-PMP-2026-ECO | PR8 Process Task 8 - Schedule | pp. 9-10,,pp. 9-10,,,"{""d"":""process"",""t"":""Schedule Trend Interpretation"",""task"":""PR8"",""a"":""hybrid"",""pattern"":""content"",""format"":""Graphic"",""difficulty"":""Hard"",""q"":""Based on the burn-down snapshot, what should the project manager do first?"",""o"":[""Ask the product owner to remove lower-value stories until the actual line returns to the ideal trend."",""Extend the sprint after confirming the team cannot complete the remaining work at current velocity."",""Analyze the blocked stories and defect load, reforecast the remaining work, and make the release exposure visible."",""Add temporary capacity to the three blocked stories and retain the existing sprint forecast.""],""x"":2,""r"":""The chart shows a material gap driven by blockers and defects. The first move is to understand and reforecast before selecting scope, time, or resource action."",""rule"":""Schedule control uses evidence, blockers, variance, forecasts, and transparent corrective action."",""taskLabel"":""Process Task 8 - Schedule"",""graphicHtml"":""<h3>Graphic: Sprint burn-down snapshot</h3><div class=\""mini-dashboard\""><div class=\""metric\""><b>42</b><span>points planned</span></div><div class=\""metric warn\""><b>21</b><span>points complete</span></div><div class=\""metric alert\""><b>8</b><span>open defects</span></div><div class=\""metric alert\""><b>3</b><span>blocked stories</span></div></div><div class=\""burn-chart\""><div class=\""axis\"">Remaining work</div><div class=\""chart-row\""><span>Day 1</span><i style=\""--ideal:94%;--actual:94%\""></i></div><div class=\""chart-row\""><span>Day 4</span><i style=\""--ideal:64%;--actual:82%\""></i></div><div class=\""chart-row\""><span>Day 7</span><i style=\""--ideal:36%;--actual:66%\""></i></div><div class=\""chart-row\""><span>Day 9</span><i style=\""--ideal:14%;--actual:58%\""></i></div><div class=\""legend\""><span><b class=\""ideal\""></b>ideal remaining</span><span><b class=\""actual\""></b>actual remaining</span></div></div>""}"
D1-084,Diagnostic 1,84,draft,,,process,Quality Trend Interpretation,PR7,Process Task 7 - Quality,hybrid,content,Graphic,Hard,Which interpretation is best supported by the sprint snapshot?,"The team remains on track because completed points exceed the remaining calendar percentage, while documenting the assumptions and communicating the decision to affected stakeholders.","The schedule is the primary concern, while quality can be evaluated after the sprint review.",The product owner should accept the completed work and move unresolved defects into the next sprint.,"The defect and blocker pattern indicates that apparent delivery progress may not translate into a releasable, fit-for-use increment.",,3,D,"The defect and blocker pattern indicates that apparent delivery progress may not translate into a releasable, fit-for-use increment.",The visual shows both unfinished work and growing quality exposure; point completion alone does not establish a usable increment.,PMI-PMP-2026-ECO | PR7 Process Task 7 - Quality | pp. 9-10,PMI-PMP-2026-ECO | PR7 Process Task 7 - Quality | pp. 9-10,,pp. 9-10,,,"{""d"":""process"",""t"":""Quality Trend Interpretation"",""task"":""PR7"",""a"":""hybrid"",""pattern"":""content"",""format"":""Graphic"",""difficulty"":""Hard"",""q"":""Which interpretation is best supported by the sprint snapshot?"",""o"":[""The team remains on track because completed points exceed the remaining calendar percentage, while documenting the assumptions and communicating the decision to affected stakeholders."",""The schedule is the primary concern, while quality can be evaluated after the sprint review."",""The product owner should accept the completed work and move unresolved defects into the next sprint."",""The defect and blocker pattern indicates that apparent delivery progress may not translate into a releasable, fit-for-use increment.""],""x"":3,""r"":""The visual shows both unfinished work and growing quality exposure; point completion alone does not establish a usable increment."",""rule"":""Quality means fitness for use and agreed acceptance criteria."",""taskLabel"":""Process Task 7 - Quality"",""graphicHtml"":""<h3>Graphic: Sprint burn-down snapshot</h3><div class=\""mini-dashboard\""><div class=\""metric\""><b>42</b><span>points planned</span></div><div class=\""metric warn\""><b>21</b><span>points complete</span></div><div class=\""metric alert\""><b>8</b><span>open defects</span></div><div class=\""metric alert\""><b>3</b><span>blocked stories</span></div></div><div class=\""burn-chart\""><div class=\""axis\"">Remaining work</div><div class=\""chart-row\""><span>Day 1</span><i style=\""--ideal:94%;--actual:94%\""></i></div><div class=\""chart-row\""><span>Day 4</span><i style=\""--ideal:64%;--actual:82%\""></i></div><div class=\""chart-row\""><span>Day 7</span><i style=\""--ideal:36%;--actual:66%\""></i></div><div class=\""chart-row\""><span>Day 9</span><i style=\""--ideal:14%;--actual:58%\""></i></div><div class=\""legend\""><span><b class=\""ideal\""></b>ideal remaining</span><span><b class=\""actual\""></b>actual remaining</span></div></div>""}"
D1-085,Diagnostic 1,85,draft,,,business,Risk Response Readiness,BE5,Business Environment Task 5 - Risk,hybrid,mindset,Graphic,Hard,What should the project manager do with R1?,"Confirm the trigger, owner, planned response, residual exposure, and escalation threshold for the regulatory risk.","Escalate R1 immediately because every high-probability, high-impact risk requires sponsor disposition.",Convert R1 to an issue because regulatory approval has not yet been received.,Prioritize response planning for R1 and defer review of the other risks until its trigger is resolved.,,0,A,"Confirm the trigger, owner, planned response, residual exposure, and escalation threshold for the regulatory risk.","High exposure requires a complete, actionable response and threshold path, but it remains a risk until the trigger occurs.",PMI-PMP-2026-ECO | BE5 Business Environment Task 5 - Risk | pp. 11-12,PMI-PMP-2026-ECO | BE5 Business Environment Task 5 - Risk | pp. 11-12,,pp. 11-12,,,"{""d"":""business"",""t"":""Risk Response Readiness"",""task"":""BE5"",""a"":""hybrid"",""pattern"":""mindset"",""format"":""Graphic"",""difficulty"":""Hard"",""q"":""What should the project manager do with R1?"",""o"":[""Confirm the trigger, owner, planned response, residual exposure, and escalation threshold for the regulatory risk."",""Escalate R1 immediately because every high-probability, high-impact risk requires sponsor disposition."",""Convert R1 to an issue because regulatory approval has not yet been received."",""Prioritize response planning for R1 and defer review of the other risks until its trigger is resolved.""],""x"":0,""r"":""High exposure requires a complete, actionable response and threshold path, but it remains a risk until the trigger occurs."",""rule"":""Risk work is proactive before the trigger and issue management after realization."",""taskLabel"":""Business Environment Task 5 - Risk"",""graphicHtml"":""<h3>Graphic: Risk matrix excerpt</h3><div class=\""risk-grid\""><div></div><b>Low Impact</b><b>Med Impact</b><b>High Impact</b><b>High Prob.</b><span>R4</span><span class=\""warn\"">R2</span><span class=\""alert\"">R1</span><b>Med Prob.</b><span>R7</span><span>R5</span><span class=\""warn\"">R3</span><b>Low Prob.</b><span>R8</span><span>R6</span><span>R9</span></div><p class=\""stim-note\"">R1: regulatory approval may not arrive before release. R2: vendor resource turnover. R3: stakeholder adoption resistance.</p>""}"
D1-086,Diagnostic 1,86,draft,,,business,Risk Governance Thresholds,BE1,Business Environment Task 1 - Governance,hybrid,mindset,Graphic,Hard,What governance behavior does the risk matrix require?,"Require each risk owner to obtain sponsor approval before executing any response, while documenting the assumptions and communicating the decision to affected stakeholders.",Apply defined exposure thresholds so high-level risks are routed to the authority able to accept or fund the response.,"Escalate only risks that have already triggered and become active issues, using the current summary and documenting the resulting decision path.","Route the entire matrix to governance so risk owners do not make inconsistent decisions, while documenting the assumptions and communicating the decision to affected stakeholders.",,1,B,Apply defined exposure thresholds so high-level risks are routed to the authority able to accept or fund the response.,Governance should be proportionate: thresholds route material exposure without centralizing every risk decision.,PMI-PMP-2026-ECO | BE1 Business Environment Task 1 - Governance | pp. 11-12,PMI-PMP-2026-ECO | BE1 Business Environment Task 1 - Governance | pp. 11-12,,pp. 11-12,,,"{""d"":""business"",""t"":""Risk Governance Thresholds"",""task"":""BE1"",""a"":""hybrid"",""pattern"":""mindset"",""format"":""Graphic"",""difficulty"":""Hard"",""q"":""What governance behavior does the risk matrix require?"",""o"":[""Require each risk owner to obtain sponsor approval before executing any response, while documenting the assumptions and communicating the decision to affected stakeholders."",""Apply defined exposure thresholds so high-level risks are routed to the authority able to accept or fund the response."",""Escalate only risks that have already triggered and become active issues, using the current summary and documenting the resulting decision path."",""Route the entire matrix to governance so risk owners do not make inconsistent decisions, while documenting the assumptions and communicating the decision to affected stakeholders.""],""x"":1,""r"":""Governance should be proportionate: thresholds route material exposure without centralizing every risk decision."",""rule"":""Governance defines decision rights, thresholds, success measures, and escalation paths."",""taskLabel"":""Business Environment Task 1 - Governance"",""graphicHtml"":""<h3>Graphic: Risk matrix excerpt</h3><div class=\""risk-grid\""><div></div><b>Low Impact</b><b>Med Impact</b><b>High Impact</b><b>High Prob.</b><span>R4</span><span class=\""warn\"">R2</span><span class=\""alert\"">R1</span><b>Med Prob.</b><span>R7</span><span>R5</span><span class=\""warn\"">R3</span><b>Low Prob.</b><span>R8</span><span>R6</span><span>R9</span></div><p class=\""stim-note\"">R1: regulatory approval may not arrive before release. R2: vendor resource turnover. R3: stakeholder adoption resistance.</p>""}"
D1-087,Diagnostic 1,87,draft,,,process,Change Capacity Analysis,PR8,Process Task 8 - Schedule,hybrid,content,Graphic,Hard,What should the project manager do before accepting a small change?,Reject the change because both CPI and SPI are below 1.0 and the project has no demonstrated capacity.,Approve the change if its cost can be covered by the remaining contingency reserve.,"Assess current cost and schedule performance, update the forecast, and evaluate the change's incremental impact before recommending disposition.","Ask the sponsor to select the change outcome after receiving the current PV, EV, and AC values.",,2,C,"Assess current cost and schedule performance, update the forecast, and evaluate the change's incremental impact before recommending disposition.","The current metrics show unfavorable performance, but they do not answer the change decision without an integrated forecast and impact analysis.",PMI-PMP-2026-ECO | PR8 Process Task 8 - Schedule | pp. 9-10,PMI-PMP-2026-ECO | PR8 Process Task 8 - Schedule | pp. 9-10,,pp. 9-10,,,"{""d"":""process"",""t"":""Change Capacity Analysis"",""task"":""PR8"",""a"":""hybrid"",""pattern"":""content"",""format"":""Graphic"",""difficulty"":""Hard"",""q"":""What should the project manager do before accepting a small change?"",""o"":[""Reject the change because both CPI and SPI are below 1.0 and the project has no demonstrated capacity."",""Approve the change if its cost can be covered by the remaining contingency reserve."",""Assess current cost and schedule performance, update the forecast, and evaluate the change's incremental impact before recommending disposition."",""Ask the sponsor to select the change outcome after receiving the current PV, EV, and AC values.""],""x"":2,""r"":""The current metrics show unfavorable performance, but they do not answer the change decision without an integrated forecast and impact analysis."",""rule"":""Schedule control uses evidence, blockers, variance, forecasts, and transparent corrective action."",""taskLabel"":""Process Task 8 - Schedule"",""graphicHtml"":""<h3>Graphic: Performance report</h3><div class=\""mini-dashboard\""><div class=\""metric\""><b>100</b><span>PV</span></div><div class=\""metric warn\""><b>82</b><span>EV</span></div><div class=\""metric alert\""><b>96</b><span>AC</span></div><div class=\""metric\""><b>60%</b><span>work elapsed</span></div></div><p class=\""stim-note\"">All values are in the same cost unit. The sponsor asks whether the project is healthy enough to absorb a small change.</p>""}"
D1-088,Diagnostic 1,88,draft,,,people,Stakeholder Priority,P4,People Task 4 - Engage stakeholders,hybrid,mindset,Graphic,Hard,Which stakeholder should receive immediate engagement attention?,"The operations director and end-user group, because resistance and lack of awareness create the largest communication gap.","The compliance lead and end-user group, because both must move from their current state to supportive.","All three groups together, because a common message is the fastest way to align desired engagement.","The operations director and compliance lead, because their high influence and current-state gaps can directly affect adoption and release authority.",,3,D,"The operations director and compliance lead, because their high influence and current-state gaps can directly affect adoption and release authority.",High influence combined with a meaningful engagement gap creates the most immediate project exposure.,PMI-PMP-2026-ECO | P4 People Task 4 - Engage stakeholders | pp. 7-8,PMI-PMP-2026-ECO | P4 People Task 4 - Engage stakeholders | pp. 7-8,,pp. 7-8,,,"{""d"":""people"",""t"":""Stakeholder Priority"",""task"":""P4"",""a"":""hybrid"",""pattern"":""mindset"",""format"":""Graphic"",""difficulty"":""Hard"",""q"":""Which stakeholder should receive immediate engagement attention?"",""o"":[""The operations director and end-user group, because resistance and lack of awareness create the largest communication gap."",""The compliance lead and end-user group, because both must move from their current state to supportive."",""All three groups together, because a common message is the fastest way to align desired engagement."",""The operations director and compliance lead, because their high influence and current-state gaps can directly affect adoption and release authority.""],""x"":3,""r"":""High influence combined with a meaningful engagement gap creates the most immediate project exposure."",""rule"":""Engage stakeholders based on interest, power, influence, resistance, and impact."",""taskLabel"":""People Task 4 - Engage stakeholders"",""graphicHtml"":""<h3>Graphic: Stakeholder engagement snapshot</h3><div class=\""stake-table\""><div><b>Stakeholder</b><b>Current</b><b>Desired</b><b>Influence</b></div><div><span>Operations director</span><span>Resistant</span><span>Supportive</span><span>High</span></div><div><span>Compliance lead</span><span>Neutral</span><span>Supportive</span><span>High</span></div><div><span>End-user group</span><span>Unaware</span><span>Supportive</span><span>Medium</span></div></div>""}"
D1-089,Diagnostic 1,89,draft,,,people,Stakeholder Communication Design,P8,People Task 8 - Plan and manage communication,hybrid,mindset,Graphic,Hard,What communication adjustment is best supported by the stakeholder snapshot?,"Tailor messages, channels, and involvement to each stakeholder's influence, current state, desired state, and decision role.","Use one common change narrative, then increase frequency for the operations director and compliance lead.",Focus communication on the end-user group first because awareness must precede engagement by other stakeholders.,Ask the sponsor to address the resistant operations director while the project team informs the remaining groups.,,0,A,"Tailor messages, channels, and involvement to each stakeholder's influence, current state, desired state, and decision role.","The matrix supports differentiated engagement, not a uniform message or wholesale transfer of responsibility.",PMI-PMP-2026-ECO | P8 People Task 8 - Plan and manage communication | pp. 7-8,PMI-PMP-2026-ECO | P8 People Task 8 - Plan and manage communication | pp. 7-8,,pp. 7-8,,,"{""d"":""people"",""t"":""Stakeholder Communication Design"",""task"":""P8"",""a"":""hybrid"",""pattern"":""mindset"",""format"":""Graphic"",""difficulty"":""Hard"",""q"":""What communication adjustment is best supported by the stakeholder snapshot?"",""o"":[""Tailor messages, channels, and involvement to each stakeholder's influence, current state, desired state, and decision role."",""Use one common change narrative, then increase frequency for the operations director and compliance lead."",""Focus communication on the end-user group first because awareness must precede engagement by other stakeholders."",""Ask the sponsor to address the resistant operations director while the project team informs the remaining groups.""],""x"":0,""r"":""The matrix supports differentiated engagement, not a uniform message or wholesale transfer of responsibility."",""rule"":""Communication is effective only when it supports the receiver\\u2019s decision need."",""taskLabel"":""People Task 8 - Plan and manage communication"",""graphicHtml"":""<h3>Graphic: Stakeholder engagement snapshot</h3><div class=\""stake-table\""><div><b>Stakeholder</b><b>Current</b><b>Desired</b><b>Influence</b></div><div><span>Operations director</span><span>Resistant</span><span>Supportive</span><span>High</span></div><div><span>Compliance lead</span><span>Neutral</span><span>Supportive</span><span>High</span></div><div><span>End-user group</span><span>Unaware</span><span>Supportive</span><span>Medium</span></div></div>""}"
D1-090,Diagnostic 1,90,draft,,,people,Readiness Criteria,P5,People Task 5 - Align stakeholder expectations,predictive,content,Scenario,Moderate,"Marketing calls the product ready when core features work, while operations requires completed support scripts and compliance requires signed control evidence. The sponsor asks for a launch commitment today. What should the project manager do first?",Commit to the date supported by the business case and treat unresolved readiness items as risks.,"Facilitate agreement on measurable release-readiness criteria, decision rights, and the tradeoffs that require governance approval.",Ask each function to approve only its own portion of readiness and combine the approvals.,Escalate the disagreement to the sponsor with a recommendation to protect the current date.,,1,B,"Facilitate agreement on measurable release-readiness criteria, decision rights, and the tradeoffs that require governance approval.",The conflict is not yet a date decision; it is an unresolved definition of readiness. Shared criteria and authority must be established first.,PMI-PMP-2026-ECO | P5 People Task 5 - Align stakeholder expectations | pp. 7-8,PMI-PMP-2026-ECO | P5 People Task 5 - Align stakeholder expectations | pp. 7-8,,pp. 7-8,,,"{""d"":""people"",""t"":""Readiness Criteria"",""task"":""P5"",""a"":""predictive"",""pattern"":""content"",""format"":""Scenario"",""difficulty"":""Moderate"",""q"":""Marketing calls the product ready when core features work, while operations requires completed support scripts and compliance requires signed control evidence. The sponsor asks for a launch commitment today. What should the project manager do first?"",""o"":[""Commit to the date supported by the business case and treat unresolved readiness items as risks."",""Facilitate agreement on measurable release-readiness criteria, decision rights, and the tradeoffs that require governance approval."",""Ask each function to approve only its own portion of readiness and combine the approvals."",""Escalate the disagreement to the sponsor with a recommendation to protect the current date.""],""x"":1,""r"":""The conflict is not yet a date decision; it is an unresolved definition of readiness. Shared criteria and authority must be established first."",""rule"":""Align stakeholder expectations and decision rules before committing work."",""taskLabel"":""People Task 5 - Align stakeholder expectations""}"
D1-091,Diagnostic 1,91,draft,,,people,Suppressed Velocity Communication,P8,People Task 8 - Plan and manage communication,hybrid,content,Case,Moderate-Hard,"Using the case facts, what communication change would best help restore transparent delivery information?","Increase the frequency of the existing velocity report, while documenting the assumptions and communicating the decision to affected stakeholders.","Send the defect log directly to the sponsor without discussing it with the team, while documenting the assumptions and communicating the decision to affected stakeholders.","Create a decision-focused quality view that links sprint completion, escaped defects, and suppressed concerns, and use it in an interactive team discussion.","Require anonymous written concerns at the end of each sprint, while documenting the assumptions and communicating the decision to affected stakeholders.",,2,C,"Create a decision-focused quality view that links sprint completion, escaped defects, and suppressed concerns, and use it in an interactive team discussion.",The communication must make the hidden relationship visible and support a two-way decision about team behavior and quality.,PMI-PMP-2026-ECO | P8 People Task 8 - Plan and manage communication | pp. 7-8,PMI-PMP-2026-ECO | P8 People Task 8 - Plan and manage communication | pp. 7-8,,pp. 7-8,,,"{""d"":""people"",""t"":""Suppressed Velocity Communication"",""task"":""P8"",""a"":""hybrid"",""pattern"":""content"",""format"":""Case"",""difficulty"":""Moderate-Hard"",""q"":""Using the case facts, what communication change would best help restore transparent delivery information?"",""o"":[""Increase the frequency of the existing velocity report, while documenting the assumptions and communicating the decision to affected stakeholders."",""Send the defect log directly to the sponsor without discussing it with the team, while documenting the assumptions and communicating the decision to affected stakeholders."",""Create a decision-focused quality view that links sprint completion, escaped defects, and suppressed concerns, and use it in an interactive team discussion."",""Require anonymous written concerns at the end of each sprint, while documenting the assumptions and communicating the decision to affected stakeholders.""],""x"":2,""r"":""The communication must make the hidden relationship visible and support a two-way decision about team behavior and quality."",""rule"":""Communication is effective only when it supports the receiver\\u2019s decision need."",""taskLabel"":""People Task 8 - Plan and manage communication"",""caseHtml"":""<h3>Case: The Suppressed Velocity Dilemma</h3><p>An agile software team has met its committed velocity metrics for five consecutive sprints. However, internal testing logs indicate that escaped regression errors have quietly risen by 35%. During private one-on-one sessions, three core developers state they observed the defects but deliberately withheld their concerns during grooming and retrospectives because a senior stakeholder openly reprimands the team whenever a user story slips out of a sprint lifecycle.</p><ul><li>Sprint Commitments: 100% complete for the last 60 days.</li><li>System Reality: Customer-facing error rates are degrading rapidly.</li><li>Team Dynamic: Retrospective documentation indicates zero blockers or process impediments are being logged.</li></ul>""}"
D1-092,Diagnostic 1,92,draft,,,people,Suppressed Velocity Conflict,P2,People Task 2 - Manage conflicts,hybrid,content,Case,Moderate-Hard,How should the project manager address the senior stakeholder's behavior and the team's technical disagreement?,"Escalate the stakeholder to human resources before discussing the defects, using the current summary and documenting the resulting decision path.","Ask the team to avoid disagreement until the release stabilizes, while documenting the assumptions and communicating the decision to affected stakeholders.","Let the product owner decide whether the technical concerns warrant action, while documenting the assumptions and communicating the decision to affected stakeholders.","Address the ground-rule violation and psychological safety problem directly, while using objective technical criteria to evaluate the defect concerns.",,3,D,"Address the ground-rule violation and psychological safety problem directly, while using objective technical criteria to evaluate the defect concerns.",The behavioral conflict and technical decision both need explicit treatment; neither should be allowed to distort the other.,PMI-PMP-2026-ECO | P2 People Task 2 - Manage conflicts | pp. 7-8,PMI-PMP-2026-ECO | P2 People Task 2 - Manage conflicts | pp. 7-8,,pp. 7-8,,,"{""d"":""people"",""t"":""Suppressed Velocity Conflict"",""task"":""P2"",""a"":""hybrid"",""pattern"":""content"",""format"":""Case"",""difficulty"":""Moderate-Hard"",""q"":""How should the project manager address the senior stakeholder's behavior and the team's technical disagreement?"",""o"":[""Escalate the stakeholder to human resources before discussing the defects, using the current summary and documenting the resulting decision path."",""Ask the team to avoid disagreement until the release stabilizes, while documenting the assumptions and communicating the decision to affected stakeholders."",""Let the product owner decide whether the technical concerns warrant action, while documenting the assumptions and communicating the decision to affected stakeholders."",""Address the ground-rule violation and psychological safety problem directly, while using objective technical criteria to evaluate the defect concerns.""],""x"":3,""r"":""The behavioral conflict and technical decision both need explicit treatment; neither should be allowed to distort the other."",""rule"":""Use the appropriate conflict response: collaborate when time allows, decide within authority when time has run out, and escalate only when the decision exceeds the project manager role."",""taskLabel"":""People Task 2 - Manage conflicts"",""caseHtml"":""<h3>Case: The Suppressed Velocity Dilemma</h3><p>An agile software team has met its committed velocity metrics for five consecutive sprints. However, internal testing logs indicate that escaped regression errors have quietly risen by 35%. During private one-on-one sessions, three core developers state they observed the defects but deliberately withheld their concerns during grooming and retrospectives because a senior stakeholder openly reprimands the team whenever a user story slips out of a sprint lifecycle.</p><ul><li>Sprint Commitments: 100% complete for the last 60 days.</li><li>System Reality: Customer-facing error rates are degrading rapidly.</li><li>Team Dynamic: Retrospective documentation indicates zero blockers or process impediments are being logged.</li></ul>""}"
D1-093,Diagnostic 1,93,draft,,,people,Regulator Engagement,P4,People Task 4 - Engage stakeholders,predictive,mindset,Scenario,Moderate,A regulator has little interest in the project but can withhold the operating permit. The regulator requests evidence of one control before the next submission. What should the project manager do?,Provide targeted evidence tied to the permit decision and maintain focused engagement appropriate to the regulator's authority.,"Send the full project dashboard so the regulator has complete context, while documenting the assumptions and communicating the decision to affected stakeholders.","Monitor the regulator because the stakeholder's stated interest is low, while documenting the assumptions and communicating the decision to affected stakeholders.","Escalate the request to the sponsor before responding, using the current summary and documenting the resulting decision path.",,0,A,Provide targeted evidence tied to the permit decision and maintain focused engagement appropriate to the regulator's authority.,"High power and low interest calls for concise, decision-relevant engagement.",PMI-PMP-2026-ECO | P4 People Task 4 - Engage stakeholders | pp. 7-8,PMI-PMP-2026-ECO | P4 People Task 4 - Engage stakeholders | pp. 7-8,,pp. 7-8,,,"{""d"":""people"",""t"":""Regulator Engagement"",""task"":""P4"",""a"":""predictive"",""pattern"":""mindset"",""format"":""Scenario"",""difficulty"":""Moderate"",""q"":""A regulator has little interest in the project but can withhold the operating permit. The regulator requests evidence of one control before the next submission. What should the project manager do?"",""o"":[""Provide targeted evidence tied to the permit decision and maintain focused engagement appropriate to the regulator's authority."",""Send the full project dashboard so the regulator has complete context, while documenting the assumptions and communicating the decision to affected stakeholders."",""Monitor the regulator because the stakeholder's stated interest is low, while documenting the assumptions and communicating the decision to affected stakeholders."",""Escalate the request to the sponsor before responding, using the current summary and documenting the resulting decision path.""],""x"":0,""r"":""High power and low interest calls for concise, decision-relevant engagement."",""rule"":""Engage stakeholders based on interest, power, influence, resistance, and impact."",""taskLabel"":""People Task 4 - Engage stakeholders""}"
D1-094,Diagnostic 1,94,draft,,,people,Architect Handoff,P7,People Task 7 - Help ensure knowledge transfer,adaptive,content,Scenario,Hard,"A solution architect leaves in two weeks. The repository is current, but only the architect can diagnose intermittent integration failures. What should the project manager do first?","Ask the architect to expand the architecture documents, while documenting the assumptions and communicating the decision to affected stakeholders.","Identify the critical diagnostic decisions and arrange demonstrations, recordings, and supervised practice with designated successors.","Request a replacement before beginning knowledge transfer, while documenting the assumptions and communicating the decision to affected stakeholders.","Record the departure as a risk and extend support coverage, while documenting the assumptions and communicating the decision to affected stakeholders.",,1,B,"Identify the critical diagnostic decisions and arrange demonstrations, recordings, and supervised practice with designated successors.","Tacit diagnostic judgment requires active practice, not documents or staffing assumptions.",PMI-PMP-2026-ECO | P7 People Task 7 - Help ensure knowledge transfer | pp. 7-8,PMI-PMP-2026-ECO | P7 People Task 7 - Help ensure knowledge transfer | pp. 7-8,,pp. 7-8,,,"{""d"":""people"",""t"":""Architect Handoff"",""task"":""P7"",""a"":""adaptive"",""pattern"":""content"",""format"":""Scenario"",""difficulty"":""Hard"",""q"":""A solution architect leaves in two weeks. The repository is current, but only the architect can diagnose intermittent integration failures. What should the project manager do first?"",""o"":[""Ask the architect to expand the architecture documents, while documenting the assumptions and communicating the decision to affected stakeholders."",""Identify the critical diagnostic decisions and arrange demonstrations, recordings, and supervised practice with designated successors."",""Request a replacement before beginning knowledge transfer, while documenting the assumptions and communicating the decision to affected stakeholders."",""Record the departure as a risk and extend support coverage, while documenting the assumptions and communicating the decision to affected stakeholders.""],""x"":1,""r"":""Tacit diagnostic judgment requires active practice, not documents or staffing assumptions."",""rule"":""Knowledge transfer must move usable know-how, not just documents."",""taskLabel"":""People Task 7 - Help ensure knowledge transfer""}"
D1-095,Diagnostic 1,95,draft,,,people,Outcome Alignment,P1,People Task 1 - Develop a common vision,predictive,content,Scenario,Moderate,"Product, operations, and compliance each describe a different primary outcome for the same release. The team is choosing work based on whichever representative attends refinement. What should the project manager do first?","Ask the sponsor to select the primary outcome, using the current summary and documenting the resulting decision path.","Allow each function to prioritize its own workstream, while monitoring the exposure and updating the relevant project records.",Facilitate a common outcome statement and measurable decision criteria with the key stakeholders before more work is prioritized.,"Use the business case's first listed benefit as the default priority, then monitor the outcome through the next reporting cycle.",,2,C,Facilitate a common outcome statement and measurable decision criteria with the key stakeholders before more work is prioritized.,A common vision must guide local choices before work continues.,PMI-PMP-2026-ECO | P1 People Task 1 - Develop a common vision | pp. 7-8,PMI-PMP-2026-ECO | P1 People Task 1 - Develop a common vision | pp. 7-8,,pp. 7-8,,,"{""d"":""people"",""t"":""Outcome Alignment"",""task"":""P1"",""a"":""predictive"",""pattern"":""content"",""format"":""Scenario"",""difficulty"":""Moderate"",""q"":""Product, operations, and compliance each describe a different primary outcome for the same release. The team is choosing work based on whichever representative attends refinement. What should the project manager do first?"",""o"":[""Ask the sponsor to select the primary outcome, using the current summary and documenting the resulting decision path."",""Allow each function to prioritize its own workstream, while monitoring the exposure and updating the relevant project records."",""Facilitate a common outcome statement and measurable decision criteria with the key stakeholders before more work is prioritized."",""Use the business case's first listed benefit as the default priority, then monitor the outcome through the next reporting cycle.""],""x"":2,""r"":""A common vision must guide local choices before work continues."",""rule"":""Create shared understanding before optimizing local choices."",""taskLabel"":""People Task 1 - Develop a common vision""}"
D1-096,Diagnostic 1,96,draft,,,people,Safety-Critical Team,P3,People Task 3 - Lead the project team,predictive,content,Scenario,Moderate-Hard,A newly formed team will begin safety-critical commissioning. Several members have not demonstrated competence in the control procedure but request full autonomy. What should the project manager do?,"Allow self-organization and monitor the first commissioning cycle, while monitoring the exposure and updating the relevant project records.","Assign one experienced mentor and retain the existing autonomy model, then monitor the outcome through the next reporting cycle.","Ask the sponsor to accept the competence risk, using the current summary and documenting the resulting decision path.","Provide directive guidance and mandatory review gates, then increase delegation as competence is demonstrated.",,3,D,"Provide directive guidance and mandatory review gates, then increase delegation as competence is demonstrated.",Leadership style should match competence and exposure; safety-critical work requires closer direction initially.,PMI-PMP-2026-ECO | P3 People Task 3 - Lead the project team | pp. 7-8,PMI-PMP-2026-ECO | P3 People Task 3 - Lead the project team | pp. 7-8,,pp. 7-8,,,"{""d"":""people"",""t"":""Safety-Critical Team"",""task"":""P3"",""a"":""predictive"",""pattern"":""content"",""format"":""Scenario"",""difficulty"":""Moderate-Hard"",""q"":""A newly formed team will begin safety-critical commissioning. Several members have not demonstrated competence in the control procedure but request full autonomy. What should the project manager do?"",""o"":[""Allow self-organization and monitor the first commissioning cycle, while monitoring the exposure and updating the relevant project records."",""Assign one experienced mentor and retain the existing autonomy model, then monitor the outcome through the next reporting cycle."",""Ask the sponsor to accept the competence risk, using the current summary and documenting the resulting decision path."",""Provide directive guidance and mandatory review gates, then increase delegation as competence is demonstrated.""],""x"":3,""r"":""Leadership style should match competence and exposure; safety-critical work requires closer direction initially."",""rule"":""Lead the people before managing the work: support, empower, coach, clarify, and build capability."",""taskLabel"":""People Task 3 - Lead the project team""}"
D1-097,Diagnostic 1,97,draft,,,people,Benefit Expectations,P5,People Task 5 - Align stakeholder expectations,hybrid,content,Scenario,Moderate-Hard,"The benefit owner expects a 20% reduction in handling time, but the product owner has optimized the backlog for customer satisfaction. Both measures appear in approved documents, and the team is about to commit the next release. What should the project manager do first?",Bring the benefit owner and product owner together to reconcile the measures and establish which outcomes govern release prioritization.,"Prioritize customer satisfaction because the product owner owns the backlog, while documenting the assumptions and communicating the decision to affected stakeholders.","Prioritize handling-time reduction because the benefit owner is accountable for realization, while documenting the assumptions and communicating the decision to affected stakeholders.","Split the next release evenly between features supporting each measure, then monitor the outcome through the next reporting cycle.",,0,A,Bring the benefit owner and product owner together to reconcile the measures and establish which outcomes govern release prioritization.,The team needs a shared outcome hierarchy before committing work; choosing a winner or dividing capacity is premature.,PMI-PMP-2026-ECO | P5 People Task 5 - Align stakeholder expectations | pp. 7-8,PMI-PMP-2026-ECO | P5 People Task 5 - Align stakeholder expectations | pp. 7-8,,pp. 7-8,,,"{""d"":""people"",""t"":""Benefit Expectations"",""task"":""P5"",""a"":""hybrid"",""pattern"":""content"",""format"":""Scenario"",""difficulty"":""Moderate-Hard"",""q"":""The benefit owner expects a 20% reduction in handling time, but the product owner has optimized the backlog for customer satisfaction. Both measures appear in approved documents, and the team is about to commit the next release. What should the project manager do first?"",""o"":[""Bring the benefit owner and product owner together to reconcile the measures and establish which outcomes govern release prioritization."",""Prioritize customer satisfaction because the product owner owns the backlog, while documenting the assumptions and communicating the decision to affected stakeholders."",""Prioritize handling-time reduction because the benefit owner is accountable for realization, while documenting the assumptions and communicating the decision to affected stakeholders."",""Split the next release evenly between features supporting each measure, then monitor the outcome through the next reporting cycle.""],""x"":0,""r"":""The team needs a shared outcome hierarchy before committing work; choosing a winner or dividing capacity is premature."",""rule"":""Align stakeholder expectations and decision rules before committing work."",""taskLabel"":""People Task 5 - Align stakeholder expectations""}"
D1-098,Diagnostic 1,98,draft,,,people,Distributed Risk Communication,P8,People Task 8 - Plan and manage communication,adaptive,mindset,Scenario,Moderate,"A global team interprets the same risk response differently across three regions. The written plan is current, but local leads are implementing conflicting actions. What should the project manager do first?","Send the plan again with the relevant paragraphs highlighted, while documenting the assumptions and communicating the decision to affected stakeholders.","Hold an interactive alignment session to confirm the response, ownership, triggers, and regional implications, then update the communication approach.","Ask the risk owner to issue a directive to all regions, while documenting the assumptions and communicating the decision to affected stakeholders.","Allow each region to adapt the response until the next risk review, while monitoring the exposure and updating the relevant project records.",,1,B,"Hold an interactive alignment session to confirm the response, ownership, triggers, and regional implications, then update the communication approach.","Conflicting interpretation requires two-way communication and confirmation, not another one-way distribution.",PMI-PMP-2026-ECO | P8 People Task 8 - Plan and manage communication | pp. 7-8,PMI-PMP-2026-ECO | P8 People Task 8 - Plan and manage communication | pp. 7-8,,pp. 7-8,,,"{""d"":""people"",""t"":""Distributed Risk Communication"",""task"":""P8"",""a"":""adaptive"",""pattern"":""mindset"",""format"":""Scenario"",""difficulty"":""Moderate"",""q"":""A global team interprets the same risk response differently across three regions. The written plan is current, but local leads are implementing conflicting actions. What should the project manager do first?"",""o"":[""Send the plan again with the relevant paragraphs highlighted, while documenting the assumptions and communicating the decision to affected stakeholders."",""Hold an interactive alignment session to confirm the response, ownership, triggers, and regional implications, then update the communication approach."",""Ask the risk owner to issue a directive to all regions, while documenting the assumptions and communicating the decision to affected stakeholders."",""Allow each region to adapt the response until the next risk review, while monitoring the exposure and updating the relevant project records.""],""x"":1,""r"":""Conflicting interpretation requires two-way communication and confirmation, not another one-way distribution."",""rule"":""Communication is effective only when it supports the receiver\\u2019s decision need."",""taskLabel"":""People Task 8 - Plan and manage communication""}"
D1-099,Diagnostic 1,99,draft,,,people,Shared Resource Conflict,P2,People Task 2 - Manage conflicts,adaptive,content,Scenario,Hard,"Two workstream leads are arguing over the same specialist. Each has a critical milestone, and the resource plan does not define priority. The functional manager asks the project manager to recommend a solution. What should the project manager do first?","Give the specialist to the workstream with the earliest milestone, while documenting the assumptions and communicating the decision to affected stakeholders.","Split the specialist evenly between both workstreams, then monitor the outcome through the next reporting cycle.","Use milestone impact and value criteria to develop allocation options, then involve the functional manager in the decision within established authority.","Escalate immediately to the sponsor because the resource plan is incomplete, using the current summary and documenting the resulting decision path.",,2,C,"Use milestone impact and value criteria to develop allocation options, then involve the functional manager in the decision within established authority.",The conflict should be reframed around objective impacts and the proper decision authority.,PMI-PMP-2026-ECO | P2 People Task 2 - Manage conflicts | pp. 7-8,PMI-PMP-2026-ECO | P2 People Task 2 - Manage conflicts | pp. 7-8,,pp. 7-8,,,"{""d"":""people"",""t"":""Shared Resource Conflict"",""task"":""P2"",""a"":""adaptive"",""pattern"":""content"",""format"":""Scenario"",""difficulty"":""Hard"",""q"":""Two workstream leads are arguing over the same specialist. Each has a critical milestone, and the resource plan does not define priority. The functional manager asks the project manager to recommend a solution. What should the project manager do first?"",""o"":[""Give the specialist to the workstream with the earliest milestone, while documenting the assumptions and communicating the decision to affected stakeholders."",""Split the specialist evenly between both workstreams, then monitor the outcome through the next reporting cycle."",""Use milestone impact and value criteria to develop allocation options, then involve the functional manager in the decision within established authority."",""Escalate immediately to the sponsor because the resource plan is incomplete, using the current summary and documenting the resulting decision path.""],""x"":2,""r"":""The conflict should be reframed around objective impacts and the proper decision authority."",""rule"":""Use the appropriate conflict response: collaborate when time allows, decide within authority when time has run out, and escalate only when the decision exceeds the project manager role."",""taskLabel"":""People Task 2 - Manage conflicts""}"
D1-100,Diagnostic 1,100,draft,,,people,Operations Resistance,P4,People Task 4 - Engage stakeholders,predictive,content,Scenario,Moderate,An operations director is resisting a new platform and says the project team has underestimated support effort. The director has high influence and has begun lobbying leadership. What should the project manager do first?,"Ask the sponsor to instruct the director to support the approved project, using the current summary and documenting the resulting decision path.","Increase the frequency of status reports to operations, while documenting the assumptions and communicating the decision to affected stakeholders.","Proceed with deployment and treat resistance as an adoption risk, while monitoring the exposure and updating the relevant project records.","Meet with the director to understand the support assumptions and evidence, then adjust the engagement and readiness plan based on the findings.",,3,D,"Meet with the director to understand the support assumptions and evidence, then adjust the engagement and readiness plan based on the findings.",Resistance from an influential stakeholder is data that should be understood before escalation or execution.,PMI-PMP-2026-ECO | P4 People Task 4 - Engage stakeholders | pp. 7-8,PMI-PMP-2026-ECO | P4 People Task 4 - Engage stakeholders | pp. 7-8,,pp. 7-8,,,"{""d"":""people"",""t"":""Operations Resistance"",""task"":""P4"",""a"":""predictive"",""pattern"":""content"",""format"":""Scenario"",""difficulty"":""Moderate"",""q"":""An operations director is resisting a new platform and says the project team has underestimated support effort. The director has high influence and has begun lobbying leadership. What should the project manager do first?"",""o"":[""Ask the sponsor to instruct the director to support the approved project, using the current summary and documenting the resulting decision path."",""Increase the frequency of status reports to operations, while documenting the assumptions and communicating the decision to affected stakeholders."",""Proceed with deployment and treat resistance as an adoption risk, while monitoring the exposure and updating the relevant project records."",""Meet with the director to understand the support assumptions and evidence, then adjust the engagement and readiness plan based on the findings.""],""x"":3,""r"":""Resistance from an influential stakeholder is data that should be understood before escalation or execution."",""rule"":""Engage stakeholders based on interest, power, influence, resistance, and impact."",""taskLabel"":""People Task 4 - Engage stakeholders""}"
D1-101,Diagnostic 1,101,draft,,,people,Vendor Transition,P7,People Task 7 - Help ensure knowledge transfer,predictive,content,Scenario,Moderate-Hard,A vendor is completing a data-conversion tool. Internal staff can operate it but cannot recover failed batches. Contract closure is in ten days. What should the project manager do?,Require a guided recovery exercise in which internal staff diagnose and restore failed batches before acceptance and closure.,"Accept the tool and purchase extended vendor support, then update the affected plans and communicate the rationale to stakeholders.","Request a written troubleshooting guide and close the contract, while documenting the assumptions and communicating the decision to affected stakeholders.","Record recovery limitations in lessons learned, while documenting the assumptions and communicating the decision to affected stakeholders.",,0,A,Require a guided recovery exercise in which internal staff diagnose and restore failed batches before acceptance and closure.,Usable transfer must be demonstrated under realistic conditions before closure.,PMI-PMP-2026-ECO | P7 People Task 7 - Help ensure knowledge transfer | pp. 7-8,PMI-PMP-2026-ECO | P7 People Task 7 - Help ensure knowledge transfer | pp. 7-8,,pp. 7-8,,,"{""d"":""people"",""t"":""Vendor Transition"",""task"":""P7"",""a"":""predictive"",""pattern"":""content"",""format"":""Scenario"",""difficulty"":""Moderate-Hard"",""q"":""A vendor is completing a data-conversion tool. Internal staff can operate it but cannot recover failed batches. Contract closure is in ten days. What should the project manager do?"",""o"":[""Require a guided recovery exercise in which internal staff diagnose and restore failed batches before acceptance and closure."",""Accept the tool and purchase extended vendor support, then update the affected plans and communicate the rationale to stakeholders."",""Request a written troubleshooting guide and close the contract, while documenting the assumptions and communicating the decision to affected stakeholders."",""Record recovery limitations in lessons learned, while documenting the assumptions and communicating the decision to affected stakeholders.""],""x"":0,""r"":""Usable transfer must be demonstrated under realistic conditions before closure."",""rule"":""Knowledge transfer must move usable know-how, not just documents."",""taskLabel"":""People Task 7 - Help ensure knowledge transfer""}"
D1-102,Diagnostic 1,102,draft,,,people,Release Goal Drift,P1,People Task 1 - Develop a common vision,hybrid,content,Scenario,Moderate-Hard,"An agile team delivers high-value items for individual departments, but completed work does not advance the release goal. The product owner says every item has a valid stakeholder. What should the project manager do first?","Ask departments to rank their own requests more carefully, while documenting the assumptions and communicating the decision to affected stakeholders.",Reset the shared release goal and require backlog decisions to show how each item advances that outcome.,"Escalate the product owner's prioritization to the sponsor, using the current summary and documenting the resulting decision path.","Reserve part of every sprint for release-goal work, while documenting the assumptions and communicating the decision to affected stakeholders.",,1,B,Reset the shared release goal and require backlog decisions to show how each item advances that outcome.,"The issue is shared purpose and prioritization criteria, not the legitimacy of individual requests.",PMI-PMP-2026-ECO | P1 People Task 1 - Develop a common vision | pp. 7-8,PMI-PMP-2026-ECO | P1 People Task 1 - Develop a common vision | pp. 7-8,,pp. 7-8,,,"{""d"":""people"",""t"":""Release Goal Drift"",""task"":""P1"",""a"":""hybrid"",""pattern"":""content"",""format"":""Scenario"",""difficulty"":""Moderate-Hard"",""q"":""An agile team delivers high-value items for individual departments, but completed work does not advance the release goal. The product owner says every item has a valid stakeholder. What should the project manager do first?"",""o"":[""Ask departments to rank their own requests more carefully, while documenting the assumptions and communicating the decision to affected stakeholders."",""Reset the shared release goal and require backlog decisions to show how each item advances that outcome."",""Escalate the product owner's prioritization to the sponsor, using the current summary and documenting the resulting decision path."",""Reserve part of every sprint for release-goal work, while documenting the assumptions and communicating the decision to affected stakeholders.""],""x"":1,""r"":""The issue is shared purpose and prioritization criteria, not the legitimacy of individual requests."",""rule"":""Create shared understanding before optimizing local choices."",""taskLabel"":""People Task 1 - Develop a common vision""}"
D1-103,Diagnostic 1,103,draft,,,people,Mature Team Autonomy,P3,People Task 3 - Lead the project team,adaptive,mindset,Scenario,Moderate,"A mature team has delivered reliably for six months, but a new manager requires approval for every task-level decision. Improvement ideas have stopped and cycle time is increasing. What should the project manager do first?","Escalate the manager's behavior to the sponsor, using the current summary and documenting the resulting decision path.","Ask the team to continue complying until performance declines further, while documenting the assumptions and communicating the decision to affected stakeholders.",Clarify decision boundaries with the manager and restore appropriate team autonomy while maintaining required controls.,"Add more detailed procedures so fewer approvals are required, then monitor the outcome through the next reporting cycle.",,2,C,Clarify decision boundaries with the manager and restore appropriate team autonomy while maintaining required controls.,"A capable team needs empowerment within clear boundaries, not task-level control.",PMI-PMP-2026-ECO | P3 People Task 3 - Lead the project team | pp. 7-8,PMI-PMP-2026-ECO | P3 People Task 3 - Lead the project team | pp. 7-8,,pp. 7-8,,,"{""d"":""people"",""t"":""Mature Team Autonomy"",""task"":""P3"",""a"":""adaptive"",""pattern"":""mindset"",""format"":""Scenario"",""difficulty"":""Moderate"",""q"":""A mature team has delivered reliably for six months, but a new manager requires approval for every task-level decision. Improvement ideas have stopped and cycle time is increasing. What should the project manager do first?"",""o"":[""Escalate the manager's behavior to the sponsor, using the current summary and documenting the resulting decision path."",""Ask the team to continue complying until performance declines further, while documenting the assumptions and communicating the decision to affected stakeholders."",""Clarify decision boundaries with the manager and restore appropriate team autonomy while maintaining required controls."",""Add more detailed procedures so fewer approvals are required, then monitor the outcome through the next reporting cycle.""],""x"":2,""r"":""A capable team needs empowerment within clear boundaries, not task-level control."",""rule"":""Lead the people before managing the work: support, empower, coach, clarify, and build capability."",""taskLabel"":""People Task 3 - Lead the project team""}"
D1-104,Diagnostic 1,104,draft,,,people,Regional Rollout Expectations,P5,People Task 5 - Align stakeholder expectations,adaptive,content,Scenario,Hard,Two regional sponsors support the same rollout. One defines success as rapid deployment to all sites; the other defines success as proven adoption at a smaller pilot. Funding supports only one approach this quarter. What should the project manager do first?,"Choose the pilot because adoption evidence reduces risk, while documenting the assumptions and communicating the decision to affected stakeholders.","Choose broad deployment because it maximizes near-term reach, while documenting the assumptions and communicating the decision to affected stakeholders.",Ask the delivery team to estimate both approaches and proceed with the lower-cost option.,"Expose the incompatible expectations, agree on evaluation criteria, and route the unresolved funding tradeoff to the authorized decision body.",,3,D,"Expose the incompatible expectations, agree on evaluation criteria, and route the unresolved funding tradeoff to the authorized decision body.","The project manager should make the conflict and decision criteria explicit, then use governance for the funding tradeoff.",PMI-PMP-2026-ECO | P5 People Task 5 - Align stakeholder expectations | pp. 7-8,PMI-PMP-2026-ECO | P5 People Task 5 - Align stakeholder expectations | pp. 7-8,,pp. 7-8,,,"{""d"":""people"",""t"":""Regional Rollout Expectations"",""task"":""P5"",""a"":""adaptive"",""pattern"":""content"",""format"":""Scenario"",""difficulty"":""Hard"",""q"":""Two regional sponsors support the same rollout. One defines success as rapid deployment to all sites; the other defines success as proven adoption at a smaller pilot. Funding supports only one approach this quarter. What should the project manager do first?"",""o"":[""Choose the pilot because adoption evidence reduces risk, while documenting the assumptions and communicating the decision to affected stakeholders."",""Choose broad deployment because it maximizes near-term reach, while documenting the assumptions and communicating the decision to affected stakeholders."",""Ask the delivery team to estimate both approaches and proceed with the lower-cost option."",""Expose the incompatible expectations, agree on evaluation criteria, and route the unresolved funding tradeoff to the authorized decision body.""],""x"":3,""r"":""The project manager should make the conflict and decision criteria explicit, then use governance for the funding tradeoff."",""rule"":""Align stakeholder expectations and decision rules before committing work."",""taskLabel"":""People Task 5 - Align stakeholder expectations""}"
D1-105,Diagnostic 1,105,draft,,,people,Executive Briefing,P8,People Task 8 - Plan and manage communication,hybrid,content,Scenario,Moderate,The PMO requires a detailed monthly template. A benefit owner says the template is accurate but does not show which benefit is threatened or what decision is needed. The PMO will not approve an exception. What should the project manager do?,Continue the required template and provide a concise supplemental decision brief using the same validated data.,"Replace the PMO template with the benefit owner's preferred format, while documenting the assumptions and communicating the decision to affected stakeholders.",Ask the benefit owner to interpret the PMO report during the status meeting.,"Escalate the template requirement before issuing the next report, using the current summary and documenting the resulting decision path.",,0,A,Continue the required template and provide a concise supplemental decision brief using the same validated data.,Required reporting and tailored stakeholder communication can coexist.,PMI-PMP-2026-ECO | P8 People Task 8 - Plan and manage communication | pp. 7-8,PMI-PMP-2026-ECO | P8 People Task 8 - Plan and manage communication | pp. 7-8,,pp. 7-8,,,"{""d"":""people"",""t"":""Executive Briefing"",""task"":""P8"",""a"":""hybrid"",""pattern"":""content"",""format"":""Scenario"",""difficulty"":""Moderate"",""q"":""The PMO requires a detailed monthly template. A benefit owner says the template is accurate but does not show which benefit is threatened or what decision is needed. The PMO will not approve an exception. What should the project manager do?"",""o"":[""Continue the required template and provide a concise supplemental decision brief using the same validated data."",""Replace the PMO template with the benefit owner's preferred format, while documenting the assumptions and communicating the decision to affected stakeholders."",""Ask the benefit owner to interpret the PMO report during the status meeting."",""Escalate the template requirement before issuing the next report, using the current summary and documenting the resulting decision path.""],""x"":0,""r"":""Required reporting and tailored stakeholder communication can coexist."",""rule"":""Communication is effective only when it supports the receiver\\u2019s decision need."",""taskLabel"":""People Task 8 - Plan and manage communication""}"
D1-106,Diagnostic 1,106,draft,,,people,Retrospective Conduct,P2,People Task 2 - Manage conflicts,predictive,content,Scenario,Moderate-Hard,"During a retrospective, a senior engineer dismisses a tester's concern as uninformed. The tester withdraws the issue, and other team members stop contributing. What should the project manager do first?","Move the concern to a private meeting with the tester, then monitor the outcome through the next reporting cycle.","Intervene to restore the ground rules, address the disrespectful behavior, and create a safe path to examine the technical concern.","Ask the senior engineer to decide whether the concern merits analysis, while documenting the assumptions and communicating the decision to affected stakeholders.","End the retrospective and report the behavior to human resources, while documenting the assumptions and communicating the decision to affected stakeholders.",,1,B,"Intervene to restore the ground rules, address the disrespectful behavior, and create a safe path to examine the technical concern.",The project manager must protect constructive conflict and psychological safety in the moment.,PMI-PMP-2026-ECO | P2 People Task 2 - Manage conflicts | pp. 7-8,PMI-PMP-2026-ECO | P2 People Task 2 - Manage conflicts | pp. 7-8,,pp. 7-8,,,"{""d"":""people"",""t"":""Retrospective Conduct"",""task"":""P2"",""a"":""predictive"",""pattern"":""content"",""format"":""Scenario"",""difficulty"":""Moderate-Hard"",""q"":""During a retrospective, a senior engineer dismisses a tester's concern as uninformed. The tester withdraws the issue, and other team members stop contributing. What should the project manager do first?"",""o"":[""Move the concern to a private meeting with the tester, then monitor the outcome through the next reporting cycle."",""Intervene to restore the ground rules, address the disrespectful behavior, and create a safe path to examine the technical concern."",""Ask the senior engineer to decide whether the concern merits analysis, while documenting the assumptions and communicating the decision to affected stakeholders."",""End the retrospective and report the behavior to human resources, while documenting the assumptions and communicating the decision to affected stakeholders.""],""x"":1,""r"":""The project manager must protect constructive conflict and psychological safety in the moment."",""rule"":""Use the appropriate conflict response: collaborate when time allows, decide within authority when time has run out, and escalate only when the decision exceeds the project manager role."",""taskLabel"":""People Task 2 - Manage conflicts""}"
D1-107,Diagnostic 1,107,draft,,,people,Community Permit,P4,People Task 4 - Engage stakeholders,hybrid,content,Scenario,Moderate-Hard,A community association cannot approve the project but can delay a municipal permit through formal objections. It has raised concerns about construction hours. What should the project manager do first?,"Submit the permit first because the association lacks approval authority, while documenting the assumptions and communicating the decision to affected stakeholders.",Ask the municipality to disregard objections that are outside technical scope.,Engage the association to understand the concerns and evaluate schedule options before the permit submission.,"Reduce construction hours immediately without assessing schedule impact, then monitor the outcome through the next reporting cycle.",,2,C,Engage the association to understand the concerns and evaluate schedule options before the permit submission.,"Influence over the permit makes early, targeted engagement appropriate.",PMI-PMP-2026-ECO | P4 People Task 4 - Engage stakeholders | pp. 7-8,PMI-PMP-2026-ECO | P4 People Task 4 - Engage stakeholders | pp. 7-8,,pp. 7-8,,,"{""d"":""people"",""t"":""Community Permit"",""task"":""P4"",""a"":""hybrid"",""pattern"":""content"",""format"":""Scenario"",""difficulty"":""Moderate-Hard"",""q"":""A community association cannot approve the project but can delay a municipal permit through formal objections. It has raised concerns about construction hours. What should the project manager do first?"",""o"":[""Submit the permit first because the association lacks approval authority, while documenting the assumptions and communicating the decision to affected stakeholders."",""Ask the municipality to disregard objections that are outside technical scope."",""Engage the association to understand the concerns and evaluate schedule options before the permit submission."",""Reduce construction hours immediately without assessing schedule impact, then monitor the outcome through the next reporting cycle.""],""x"":2,""r"":""Influence over the permit makes early, targeted engagement appropriate."",""rule"":""Engage stakeholders based on interest, power, influence, resistance, and impact."",""taskLabel"":""People Task 4 - Engage stakeholders""}"
D1-108,Diagnostic 1,108,draft,,,people,Dual SME Dependency,P7,People Task 7 - Help ensure knowledge transfer,predictive,mindset,Scenario,Moderate,"Two subject-matter experts make all approval decisions for a regulated process. Both will be unavailable during cutover, and their criteria are partly judgment-based. What should the project manager do first?","Ask the experts to remain on call during cutover, while documenting the assumptions and communicating the decision to affected stakeholders.","Document the approval steps and assign them to the functional manager, while documenting the assumptions and communicating the decision to affected stakeholders.","Escalate the availability conflict to the sponsor, using the current summary and documenting the resulting decision path.",Extract the decision criteria through scenario walkthroughs and have alternates practice decisions with feedback before cutover.,,3,D,Extract the decision criteria through scenario walkthroughs and have alternates practice decisions with feedback before cutover.,"The priority is transferring judgment and validating alternates, not relying on future availability.",PMI-PMP-2026-ECO | P7 People Task 7 - Help ensure knowledge transfer | pp. 7-8,PMI-PMP-2026-ECO | P7 People Task 7 - Help ensure knowledge transfer | pp. 7-8,,pp. 7-8,,,"{""d"":""people"",""t"":""Dual SME Dependency"",""task"":""P7"",""a"":""predictive"",""pattern"":""mindset"",""format"":""Scenario"",""difficulty"":""Moderate"",""q"":""Two subject-matter experts make all approval decisions for a regulated process. Both will be unavailable during cutover, and their criteria are partly judgment-based. What should the project manager do first?"",""o"":[""Ask the experts to remain on call during cutover, while documenting the assumptions and communicating the decision to affected stakeholders."",""Document the approval steps and assign them to the functional manager, while documenting the assumptions and communicating the decision to affected stakeholders."",""Escalate the availability conflict to the sponsor, using the current summary and documenting the resulting decision path."",""Extract the decision criteria through scenario walkthroughs and have alternates practice decisions with feedback before cutover.""],""x"":3,""r"":""The priority is transferring judgment and validating alternates, not relying on future availability."",""rule"":""Knowledge transfer must move usable know-how, not just documents."",""taskLabel"":""People Task 7 - Help ensure knowledge transfer""}"
D1-109,Diagnostic 1,109,draft,,,people,Strategy Change,P1,People Task 1 - Develop a common vision,adaptive,content,Scenario,Hard,"A merger changes the organization's strategy midway through a project. The existing business case remains formally approved, but several planned outcomes may no longer support the combined organization. What should the project manager do first?","Engage the sponsor and key stakeholders to reassess the project vision, outcomes, and strategic alignment before committing further major work.","Continue until governance formally cancels or changes the project, while monitoring the exposure and updating the relevant project records.","Submit change requests for every affected deliverable, while documenting the assumptions and communicating the decision to affected stakeholders.","Rebaseline the schedule around the merger integration date, then monitor the outcome through the next reporting cycle.",,0,A,"Engage the sponsor and key stakeholders to reassess the project vision, outcomes, and strategic alignment before committing further major work.",A strategic shift requires vision and outcome alignment before detailed control actions.,PMI-PMP-2026-ECO | P1 People Task 1 - Develop a common vision | pp. 7-8,PMI-PMP-2026-ECO | P1 People Task 1 - Develop a common vision | pp. 7-8,,pp. 7-8,,,"{""d"":""people"",""t"":""Strategy Change"",""task"":""P1"",""a"":""adaptive"",""pattern"":""content"",""format"":""Scenario"",""difficulty"":""Hard"",""q"":""A merger changes the organization's strategy midway through a project. The existing business case remains formally approved, but several planned outcomes may no longer support the combined organization. What should the project manager do first?"",""o"":[""Engage the sponsor and key stakeholders to reassess the project vision, outcomes, and strategic alignment before committing further major work."",""Continue until governance formally cancels or changes the project, while monitoring the exposure and updating the relevant project records."",""Submit change requests for every affected deliverable, while documenting the assumptions and communicating the decision to affected stakeholders."",""Rebaseline the schedule around the merger integration date, then monitor the outcome through the next reporting cycle.""],""x"":0,""r"":""A strategic shift requires vision and outcome alignment before detailed control actions."",""rule"":""Create shared understanding before optimizing local choices."",""taskLabel"":""People Task 1 - Develop a common vision""}"
D1-110,Diagnostic 1,110,draft,,,people,Suppressed Technical Dissent,P3,People Task 3 - Lead the project team,predictive,content,Scenario,Moderate,"After a senior engineer publicly dismisses design concerns, junior team members stop raising risks and defects begin escaping. What should the project manager do first?","Add an independent quality gate before each release, then monitor the outcome through the next reporting cycle.","Address the behavior, make the quality impact visible, and establish working agreements that protect constructive technical dissent.","Ask junior members to submit concerns anonymously, while documenting the assumptions and communicating the decision to affected stakeholders.","Escalate the engineer to the functional manager immediately, using the current summary and documenting the resulting decision path.",,1,B,"Address the behavior, make the quality impact visible, and establish working agreements that protect constructive technical dissent.",The root cause is psychological safety and team behavior; controls alone treat the symptom.,PMI-PMP-2026-ECO | P3 People Task 3 - Lead the project team | pp. 7-8,PMI-PMP-2026-ECO | P3 People Task 3 - Lead the project team | pp. 7-8,,pp. 7-8,,,"{""d"":""people"",""t"":""Suppressed Technical Dissent"",""task"":""P3"",""a"":""predictive"",""pattern"":""content"",""format"":""Scenario"",""difficulty"":""Moderate"",""q"":""After a senior engineer publicly dismisses design concerns, junior team members stop raising risks and defects begin escaping. What should the project manager do first?"",""o"":[""Add an independent quality gate before each release, then monitor the outcome through the next reporting cycle."",""Address the behavior, make the quality impact visible, and establish working agreements that protect constructive technical dissent."",""Ask junior members to submit concerns anonymously, while documenting the assumptions and communicating the decision to affected stakeholders."",""Escalate the engineer to the functional manager immediately, using the current summary and documenting the resulting decision path.""],""x"":1,""r"":""The root cause is psychological safety and team behavior; controls alone treat the symptom."",""rule"":""Lead the people before managing the work: support, empower, coach, clarify, and build capability."",""taskLabel"":""People Task 3 - Lead the project team""}"
D1-111,Diagnostic 1,111,draft,,,people,MVP Definition,P5,People Task 5 - Align stakeholder expectations,predictive,content,Scenario,Moderate-Hard,A customer executive considers the minimum viable product complete when a transaction can be submitted. The product owner includes exception handling and audit evidence in the MVP because those capabilities drive adoption. Development starts next week. What should the project manager do first?,"Use the customer executive's definition because the customer accepts the product, then monitor the outcome through the next reporting cycle.",Use the product owner's definition because the product owner controls backlog scope.,"Facilitate a measurable MVP definition tied to customer value, operational use, and acceptance authority before the team commits.","Begin with transaction submission and add the remaining capabilities if velocity allows, while documenting the assumptions and communicating the decision to affected stakeholders.",,2,C,"Facilitate a measurable MVP definition tied to customer value, operational use, and acceptance authority before the team commits.","The ambiguity affects scope, acceptance, and value; it must be resolved before commitment.",PMI-PMP-2026-ECO | P5 People Task 5 - Align stakeholder expectations | pp. 7-8,PMI-PMP-2026-ECO | P5 People Task 5 - Align stakeholder expectations | pp. 7-8,,pp. 7-8,,,"{""d"":""people"",""t"":""MVP Definition"",""task"":""P5"",""a"":""predictive"",""pattern"":""content"",""format"":""Scenario"",""difficulty"":""Moderate-Hard"",""q"":""A customer executive considers the minimum viable product complete when a transaction can be submitted. The product owner includes exception handling and audit evidence in the MVP because those capabilities drive adoption. Development starts next week. What should the project manager do first?"",""o"":[""Use the customer executive's definition because the customer accepts the product, then monitor the outcome through the next reporting cycle."",""Use the product owner's definition because the product owner controls backlog scope."",""Facilitate a measurable MVP definition tied to customer value, operational use, and acceptance authority before the team commits."",""Begin with transaction submission and add the remaining capabilities if velocity allows, while documenting the assumptions and communicating the decision to affected stakeholders.""],""x"":2,""r"":""The ambiguity affects scope, acceptance, and value; it must be resolved before commitment."",""rule"":""Align stakeholder expectations and decision rules before committing work."",""taskLabel"":""People Task 5 - Align stakeholder expectations""}"
D1-112,Diagnostic 1,112,draft,,,people,Vendor Status Integrity,P8,People Task 8 - Plan and manage communication,hybrid,content,Scenario,Moderate-Hard,"A vendor's weekly report shows green status, while the project team's integration log shows unresolved defects that threaten the next milestone. Both sources use valid data but different cut-off times. What should the project manager do first?","Use the internal log because it is more current, then monitor the outcome through the next reporting cycle.","Use the vendor report because the vendor owns the deliverable, then monitor the outcome through the next reporting cycle.","Report both statuses and let governance decide which is correct, using the current summary and documenting the resulting decision path.","Reconcile the reporting cut-off, ownership, and source-of-truth rules, then issue a corrected decision-ready status.",,3,D,"Reconcile the reporting cut-off, ownership, and source-of-truth rules, then issue a corrected decision-ready status.",The discrepancy must be reconciled before reporting; merely choosing or forwarding both sources preserves confusion.,PMI-PMP-2026-ECO | P8 People Task 8 - Plan and manage communication | pp. 7-8,PMI-PMP-2026-ECO | P8 People Task 8 - Plan and manage communication | pp. 7-8,,pp. 7-8,,,"{""d"":""people"",""t"":""Vendor Status Integrity"",""task"":""P8"",""a"":""hybrid"",""pattern"":""content"",""format"":""Scenario"",""difficulty"":""Moderate-Hard"",""q"":""A vendor's weekly report shows green status, while the project team's integration log shows unresolved defects that threaten the next milestone. Both sources use valid data but different cut-off times. What should the project manager do first?"",""o"":[""Use the internal log because it is more current, then monitor the outcome through the next reporting cycle."",""Use the vendor report because the vendor owns the deliverable, then monitor the outcome through the next reporting cycle."",""Report both statuses and let governance decide which is correct, using the current summary and documenting the resulting decision path."",""Reconcile the reporting cut-off, ownership, and source-of-truth rules, then issue a corrected decision-ready status.""],""x"":3,""r"":""The discrepancy must be reconciled before reporting; merely choosing or forwarding both sources preserves confusion."",""rule"":""Communication is effective only when it supports the receiver\\u2019s decision need."",""taskLabel"":""People Task 8 - Plan and manage communication""}"
D1-113,Diagnostic 1,113,draft,,,people,Compliance Interpretation,P2,People Task 2 - Manage conflicts,predictive,mindset,Scenario,Moderate,"Two compliance specialists cite different sections of a new rule and recommend opposite release decisions. The launch is six weeks away, and both interpretations are credible. What should the project manager do first?",Facilitate evidence-based resolution with the specialists and the authority responsible for interpreting the rule.,"Adopt the stricter interpretation because it minimizes exposure, while documenting the assumptions and communicating the decision to affected stakeholders.",Ask the sponsor to choose the interpretation that protects the launch.,Proceed under the existing plan until the regulator issues a finding.,,0,A,Facilitate evidence-based resolution with the specialists and the authority responsible for interpreting the rule.,A credible technical interpretation conflict should be resolved collaboratively with the proper authority.,PMI-PMP-2026-ECO | P2 People Task 2 - Manage conflicts | pp. 7-8,PMI-PMP-2026-ECO | P2 People Task 2 - Manage conflicts | pp. 7-8,,pp. 7-8,,,"{""d"":""people"",""t"":""Compliance Interpretation"",""task"":""P2"",""a"":""predictive"",""pattern"":""mindset"",""format"":""Scenario"",""difficulty"":""Moderate"",""q"":""Two compliance specialists cite different sections of a new rule and recommend opposite release decisions. The launch is six weeks away, and both interpretations are credible. What should the project manager do first?"",""o"":[""Facilitate evidence-based resolution with the specialists and the authority responsible for interpreting the rule."",""Adopt the stricter interpretation because it minimizes exposure, while documenting the assumptions and communicating the decision to affected stakeholders."",""Ask the sponsor to choose the interpretation that protects the launch."",""Proceed under the existing plan until the regulator issues a finding.""],""x"":0,""r"":""A credible technical interpretation conflict should be resolved collaboratively with the proper authority."",""rule"":""Use the appropriate conflict response: collaborate when time allows, decide within authority when time has run out, and escalate only when the decision exceeds the project manager role."",""taskLabel"":""People Task 2 - Manage conflicts""}"
D1-114,Diagnostic 1,114,draft,,,people,Customer Sponsor Disengagement,P4,People Task 4 - Engage stakeholders,adaptive,content,Scenario,Hard,"A customer sponsor who previously approved major decisions has stopped attending governance meetings. Delegates attend but cannot commit resources, and decisions are accumulating. What should the project manager do first?","Escalate the sponsor's absence to the customer executive, using the current summary and documenting the resulting decision path.",Engage the sponsor to understand the change in availability and agree on an empowered decision-making arrangement.,"Continue using delegates and document all pending decisions, while monitoring the exposure and updating the relevant project records.","Move the decisions to the project team's internal governance body, then monitor the outcome through the next reporting cycle.",,1,B,Engage the sponsor to understand the change in availability and agree on an empowered decision-making arrangement.,The project manager should first understand and repair the engagement and authority gap.,PMI-PMP-2026-ECO | P4 People Task 4 - Engage stakeholders | pp. 7-8,PMI-PMP-2026-ECO | P4 People Task 4 - Engage stakeholders | pp. 7-8,,pp. 7-8,,,"{""d"":""people"",""t"":""Customer Sponsor Disengagement"",""task"":""P4"",""a"":""adaptive"",""pattern"":""content"",""format"":""Scenario"",""difficulty"":""Hard"",""q"":""A customer sponsor who previously approved major decisions has stopped attending governance meetings. Delegates attend but cannot commit resources, and decisions are accumulating. What should the project manager do first?"",""o"":[""Escalate the sponsor's absence to the customer executive, using the current summary and documenting the resulting decision path."",""Engage the sponsor to understand the change in availability and agree on an empowered decision-making arrangement."",""Continue using delegates and document all pending decisions, while monitoring the exposure and updating the relevant project records."",""Move the decisions to the project team's internal governance body, then monitor the outcome through the next reporting cycle.""],""x"":1,""r"":""The project manager should first understand and repair the engagement and authority gap."",""rule"":""Engage stakeholders based on interest, power, influence, resistance, and impact."",""taskLabel"":""People Task 4 - Engage stakeholders""}"
D1-115,Diagnostic 1,115,draft,,,people,Support Readiness,P7,People Task 7 - Help ensure knowledge transfer,predictive,content,Scenario,Moderate,The support team has complete procedures but cannot explain why one error requires rollback while another can be corrected in place. Go-live is next week. What should the project manager do?,"Add more detail to the procedures, then monitor the outcome through the next reporting cycle.","Ask the development lead to own all recovery decisions after go-live, while documenting the assumptions and communicating the decision to affected stakeholders.",Run scenario-based simulations that require the support team to diagnose conditions and choose the correct recovery path.,"Delay go-live until every support analyst has memorized the procedures, and present the resulting cost and schedule impact at the next governance review.",,2,C,Run scenario-based simulations that require the support team to diagnose conditions and choose the correct recovery path.,"The gap is applied judgment, best tested and transferred through realistic practice.",PMI-PMP-2026-ECO | P7 People Task 7 - Help ensure knowledge transfer | pp. 7-8,PMI-PMP-2026-ECO | P7 People Task 7 - Help ensure knowledge transfer | pp. 7-8,,pp. 7-8,,,"{""d"":""people"",""t"":""Support Readiness"",""task"":""P7"",""a"":""predictive"",""pattern"":""content"",""format"":""Scenario"",""difficulty"":""Moderate"",""q"":""The support team has complete procedures but cannot explain why one error requires rollback while another can be corrected in place. Go-live is next week. What should the project manager do?"",""o"":[""Add more detail to the procedures, then monitor the outcome through the next reporting cycle."",""Ask the development lead to own all recovery decisions after go-live, while documenting the assumptions and communicating the decision to affected stakeholders."",""Run scenario-based simulations that require the support team to diagnose conditions and choose the correct recovery path."",""Delay go-live until every support analyst has memorized the procedures, and present the resulting cost and schedule impact at the next governance review.""],""x"":2,""r"":""The gap is applied judgment, best tested and transferred through realistic practice."",""rule"":""Knowledge transfer must move usable know-how, not just documents."",""taskLabel"":""People Task 7 - Help ensure knowledge transfer""}"
D1-116,Diagnostic 1,116,draft,,,people,Competing Team Metrics,P1,People Task 1 - Develop a common vision,predictive,content,Scenario,Moderate-Hard,One team is rewarded for transaction speed and another for error reduction. Their local optimizations are degrading the end-to-end customer outcome. What should the project manager do first?,"Ask each team to continue meeting its approved functional metric, while documenting the assumptions and communicating the decision to affected stakeholders.","Transfer ownership of the slower process to one team, then monitor the outcome through the next reporting cycle.","Escalate the metric conflict to human resources, using the current summary and documenting the resulting decision path.",Establish a shared end-to-end outcome and measures that guide both teams' decisions.,,3,D,Establish a shared end-to-end outcome and measures that guide both teams' decisions.,Shared outcome measures are needed before optimizing local performance.,PMI-PMP-2026-ECO | P1 People Task 1 - Develop a common vision | pp. 7-8,PMI-PMP-2026-ECO | P1 People Task 1 - Develop a common vision | pp. 7-8,,pp. 7-8,,,"{""d"":""people"",""t"":""Competing Team Metrics"",""task"":""P1"",""a"":""predictive"",""pattern"":""content"",""format"":""Scenario"",""difficulty"":""Moderate-Hard"",""q"":""One team is rewarded for transaction speed and another for error reduction. Their local optimizations are degrading the end-to-end customer outcome. What should the project manager do first?"",""o"":[""Ask each team to continue meeting its approved functional metric, while documenting the assumptions and communicating the decision to affected stakeholders."",""Transfer ownership of the slower process to one team, then monitor the outcome through the next reporting cycle."",""Escalate the metric conflict to human resources, using the current summary and documenting the resulting decision path."",""Establish a shared end-to-end outcome and measures that guide both teams' decisions.""],""x"":3,""r"":""Shared outcome measures are needed before optimizing local performance."",""rule"":""Create shared understanding before optimizing local choices."",""taskLabel"":""People Task 1 - Develop a common vision""}"
D1-117,Diagnostic 1,117,draft,,,people,Product Owner Development,P3,People Task 3 - Lead the project team,hybrid,content,Scenario,Moderate-Hard,A new product owner forwards every priority decision to the loudest executive. The backlog is drifting from measured customer value. What should the project manager do first?,"Coach the product owner on role authority and evidence-based prioritization, and use value data in the next refinement session.","Ask the sponsor to replace the product owner, using the current summary and documenting the resulting decision path.","Create a weighted scoring model and prioritize the backlog for the product owner, while documenting the assumptions and communicating the decision to affected stakeholders.","Invite the executive to all refinement sessions, while documenting the assumptions and communicating the decision to affected stakeholders.",,0,A,"Coach the product owner on role authority and evidence-based prioritization, and use value data in the next refinement session.",The project manager should build capability and restore the role rather than work around it.,PMI-PMP-2026-ECO | P3 People Task 3 - Lead the project team | pp. 7-8,PMI-PMP-2026-ECO | P3 People Task 3 - Lead the project team | pp. 7-8,,pp. 7-8,,,"{""d"":""people"",""t"":""Product Owner Development"",""task"":""P3"",""a"":""hybrid"",""pattern"":""content"",""format"":""Scenario"",""difficulty"":""Moderate-Hard"",""q"":""A new product owner forwards every priority decision to the loudest executive. The backlog is drifting from measured customer value. What should the project manager do first?"",""o"":[""Coach the product owner on role authority and evidence-based prioritization, and use value data in the next refinement session."",""Ask the sponsor to replace the product owner, using the current summary and documenting the resulting decision path."",""Create a weighted scoring model and prioritize the backlog for the product owner, while documenting the assumptions and communicating the decision to affected stakeholders."",""Invite the executive to all refinement sessions, while documenting the assumptions and communicating the decision to affected stakeholders.""],""x"":0,""r"":""The project manager should build capability and restore the role rather than work around it."",""rule"":""Lead the people before managing the work: support, empower, coach, clarify, and build capability."",""taskLabel"":""People Task 3 - Lead the project team""}"
D1-118,Diagnostic 1,118,draft,,,people,Public Commitment Tradeoff,P5,People Task 5 - Align stakeholder expectations,predictive,mindset,Scenario,Moderate,"Sales has announced a public release date. Security requires an additional penetration test, and the test window conflicts with the date. The sponsor believes both commitments were approved. What should the project manager do first?","Protect the public date and record the test as a post-release action, while documenting the assumptions and communicating the decision to affected stakeholders.","Clarify the two commitments, establish the decision criteria and authority for the tradeoff, and present the impact before any date is reaffirmed.","Protect the security test and notify sales that the date will move, while documenting the assumptions and communicating the decision to affected stakeholders.","Ask the test vendor to compress the work so both commitments remain unchanged, while documenting the assumptions and communicating the decision to affected stakeholders.",,1,B,"Clarify the two commitments, establish the decision criteria and authority for the tradeoff, and present the impact before any date is reaffirmed.",The project manager should not silently choose between competing approved commitments; the decision must be framed and authorized.,PMI-PMP-2026-ECO | P5 People Task 5 - Align stakeholder expectations | pp. 7-8,PMI-PMP-2026-ECO | P5 People Task 5 - Align stakeholder expectations | pp. 7-8,,pp. 7-8,,,"{""d"":""people"",""t"":""Public Commitment Tradeoff"",""task"":""P5"",""a"":""predictive"",""pattern"":""mindset"",""format"":""Scenario"",""difficulty"":""Moderate"",""q"":""Sales has announced a public release date. Security requires an additional penetration test, and the test window conflicts with the date. The sponsor believes both commitments were approved. What should the project manager do first?"",""o"":[""Protect the public date and record the test as a post-release action, while documenting the assumptions and communicating the decision to affected stakeholders."",""Clarify the two commitments, establish the decision criteria and authority for the tradeoff, and present the impact before any date is reaffirmed."",""Protect the security test and notify sales that the date will move, while documenting the assumptions and communicating the decision to affected stakeholders."",""Ask the test vendor to compress the work so both commitments remain unchanged, while documenting the assumptions and communicating the decision to affected stakeholders.""],""x"":1,""r"":""The project manager should not silently choose between competing approved commitments; the decision must be framed and authorized."",""rule"":""Align stakeholder expectations and decision rules before committing work."",""taskLabel"":""People Task 5 - Align stakeholder expectations""}"
D1-119,Diagnostic 1,119,draft,,,people,Sensitive Issue Communication,P8,People Task 8 - Plan and manage communication,adaptive,content,Scenario,Hard,"A confirmed employee-data exposure affects a limited group. Legal restricts broad distribution, while the sponsor requests an immediate project-wide email. What should the project manager do first?","Send the sponsor's email immediately and remove individual names, while documenting the assumptions and communicating the decision to affected stakeholders.","Delay all communication until the investigation is complete, and present the resulting cost and schedule impact at the next governance review.","Confirm the authorized audience, required decisions, and approved message with legal and the incident authority, then communicate through the controlled channel.","Notify only the affected employees and omit the issue from governance reporting, while documenting the assumptions and communicating the decision to affected stakeholders.",,2,C,"Confirm the authorized audience, required decisions, and approved message with legal and the incident authority, then communicate through the controlled channel.",Sensitive communication must be timely and decision-focused while respecting legal and governance controls.,PMI-PMP-2026-ECO | P8 People Task 8 - Plan and manage communication | pp. 7-8,PMI-PMP-2026-ECO | P8 People Task 8 - Plan and manage communication | pp. 7-8,,pp. 7-8,,,"{""d"":""people"",""t"":""Sensitive Issue Communication"",""task"":""P8"",""a"":""adaptive"",""pattern"":""content"",""format"":""Scenario"",""difficulty"":""Hard"",""q"":""A confirmed employee-data exposure affects a limited group. Legal restricts broad distribution, while the sponsor requests an immediate project-wide email. What should the project manager do first?"",""o"":[""Send the sponsor's email immediately and remove individual names, while documenting the assumptions and communicating the decision to affected stakeholders."",""Delay all communication until the investigation is complete, and present the resulting cost and schedule impact at the next governance review."",""Confirm the authorized audience, required decisions, and approved message with legal and the incident authority, then communicate through the controlled channel."",""Notify only the affected employees and omit the issue from governance reporting, while documenting the assumptions and communicating the decision to affected stakeholders.""],""x"":2,""r"":""Sensitive communication must be timely and decision-focused while respecting legal and governance controls."",""rule"":""Communication is effective only when it supports the receiver\\u2019s decision need."",""taskLabel"":""People Task 8 - Plan and manage communication""}"
D1-120,Diagnostic 1,120,draft,,,people,Decision Rights Conflict,P2,People Task 2 - Manage conflicts,predictive,content,Scenario,Moderate,A product owner and operations lead repeatedly reverse each other's release decisions. Their conflict persists because the governance plan does not state who decides operational readiness. What should the project manager do first?,"Ask the sponsor to make every release decision until trust improves, using the current summary and documenting the resulting decision path.","Let the product owner decide because the project uses adaptive delivery, while documenting the assumptions and communicating the decision to affected stakeholders.","Let operations decide because operations accepts the handoff, while documenting the assumptions and communicating the decision to affected stakeholders.","Clarify and obtain approval for the decision rights and escalation path, then use them to resolve the current dispute.",,3,D,"Clarify and obtain approval for the decision rights and escalation path, then use them to resolve the current dispute.","The recurring conflict is rooted in undefined authority, not merely interpersonal disagreement.",PMI-PMP-2026-ECO | P2 People Task 2 - Manage conflicts | pp. 7-8,PMI-PMP-2026-ECO | P2 People Task 2 - Manage conflicts | pp. 7-8,,pp. 7-8,,,"{""d"":""people"",""t"":""Decision Rights Conflict"",""task"":""P2"",""a"":""predictive"",""pattern"":""content"",""format"":""Scenario"",""difficulty"":""Moderate"",""q"":""A product owner and operations lead repeatedly reverse each other's release decisions. Their conflict persists because the governance plan does not state who decides operational readiness. What should the project manager do first?"",""o"":[""Ask the sponsor to make every release decision until trust improves, using the current summary and documenting the resulting decision path."",""Let the product owner decide because the project uses adaptive delivery, while documenting the assumptions and communicating the decision to affected stakeholders."",""Let operations decide because operations accepts the handoff, while documenting the assumptions and communicating the decision to affected stakeholders."",""Clarify and obtain approval for the decision rights and escalation path, then use them to resolve the current dispute.""],""x"":3,""r"":""The recurring conflict is rooted in undefined authority, not merely interpersonal disagreement."",""rule"":""Use the appropriate conflict response: collaborate when time allows, decide within authority when time has run out, and escalate only when the decision exceeds the project manager role."",""taskLabel"":""People Task 2 - Manage conflicts""}"
D1-121,Diagnostic 1,121,draft,,,people,Privacy Officer Participation,P4,People Task 4 - Engage stakeholders,predictive,content,Scenario,Moderate-Hard,A privacy officer has high authority over data release but has missed three design reviews. The team is proceeding on assumptions and the release is approaching. What should the project manager do first?,"Engage the privacy officer directly, confirm the decision needed and deadline, and establish an alternate authorized path if availability remains limited.","Continue design and record the assumptions as risks, while monitoring the exposure and updating the relevant project records.","Ask the sponsor to approve the privacy assumptions, using the current summary and documenting the resulting decision path.","Invite more privacy staff to future meetings without clarifying authority, while documenting the assumptions and communicating the decision to affected stakeholders.",,0,A,"Engage the privacy officer directly, confirm the decision needed and deadline, and establish an alternate authorized path if availability remains limited.","The stakeholder's authority and missing decisions require direct, decision-specific engagement.",PMI-PMP-2026-ECO | P4 People Task 4 - Engage stakeholders | pp. 7-8,PMI-PMP-2026-ECO | P4 People Task 4 - Engage stakeholders | pp. 7-8,,pp. 7-8,,,"{""d"":""people"",""t"":""Privacy Officer Participation"",""task"":""P4"",""a"":""predictive"",""pattern"":""content"",""format"":""Scenario"",""difficulty"":""Moderate-Hard"",""q"":""A privacy officer has high authority over data release but has missed three design reviews. The team is proceeding on assumptions and the release is approaching. What should the project manager do first?"",""o"":[""Engage the privacy officer directly, confirm the decision needed and deadline, and establish an alternate authorized path if availability remains limited."",""Continue design and record the assumptions as risks, while monitoring the exposure and updating the relevant project records."",""Ask the sponsor to approve the privacy assumptions, using the current summary and documenting the resulting decision path."",""Invite more privacy staff to future meetings without clarifying authority, while documenting the assumptions and communicating the decision to affected stakeholders.""],""x"":0,""r"":""The stakeholder's authority and missing decisions require direct, decision-specific engagement."",""rule"":""Engage stakeholders based on interest, power, influence, resistance, and impact."",""taskLabel"":""People Task 4 - Engage stakeholders""}"
D1-122,Diagnostic 1,122,draft,,,process,Ambiguous Performance Requirement,PR2,Process Task 2 - Scope,predictive,content,Scenario,Moderate-Hard,"A requirement states that reports must load 'quickly.' Users expect two seconds, while the vendor designed for ten. Development is underway. What should the project manager do first?","Direct the vendor to meet the two-second expectation, while documenting the assumptions and communicating the decision to affected stakeholders.","Clarify the business need and measurable acceptance criterion, document the agreement, and then assess change impacts.","Keep the ten-second design because it reflects the current solution, while monitoring the exposure and updating the relevant project records.",Submit a change request for the two-second target before clarifying acceptance.,,1,B,"Clarify the business need and measurable acceptance criterion, document the agreement, and then assess change impacts.",The ambiguous requirement must become testable before scope and change decisions are made.,PMI-PMP-2026-ECO | PR2 Process Task 2 - Scope | pp. 9-10,PMI-PMP-2026-ECO | PR2 Process Task 2 - Scope | pp. 9-10,,pp. 9-10,,,"{""d"":""process"",""t"":""Ambiguous Performance Requirement"",""task"":""PR2"",""a"":""predictive"",""pattern"":""content"",""format"":""Scenario"",""difficulty"":""Moderate-Hard"",""q"":""A requirement states that reports must load 'quickly.' Users expect two seconds, while the vendor designed for ten. Development is underway. What should the project manager do first?"",""o"":[""Direct the vendor to meet the two-second expectation, while documenting the assumptions and communicating the decision to affected stakeholders."",""Clarify the business need and measurable acceptance criterion, document the agreement, and then assess change impacts."",""Keep the ten-second design because it reflects the current solution, while monitoring the exposure and updating the relevant project records."",""Submit a change request for the two-second target before clarifying acceptance.""],""x"":1,""r"":""The ambiguous requirement must become testable before scope and change decisions are made."",""rule"":""Scope must be agreed, controlled, and verified before unmanaged work enters delivery."",""taskLabel"":""Process Task 2 - Scope""}"
D1-123,Diagnostic 1,123,draft,,,process,Hidden Overallocation,PR4,Process Task 4 - Resources,hybrid,content,Scenario,Moderate-Hard,A specialist is committed 50% to the project but is covering operational emergencies at night to maintain project dates. Reports show no variance. What should the project manager do first?,"Praise the specialist and redistribute only noncritical work, while documenting the assumptions and communicating the decision to affected stakeholders.","Rebaseline using the specialist's official 50% allocation, then monitor the outcome through the next reporting cycle.","Establish actual availability and workload, quantify the delivery and sustainability exposure, and resolve the allocation through the proper managers.","Escalate the operational manager for violating the resource plan, using the current summary and documenting the resulting decision path.",,2,C,"Establish actual availability and workload, quantify the delivery and sustainability exposure, and resolve the allocation through the proper managers.",Hidden overtime masks the real capacity constraint and must be made visible before corrective action.,PMI-PMP-2026-ECO | PR4 Process Task 4 - Resources | pp. 9-10,PMI-PMP-2026-ECO | PR4 Process Task 4 - Resources | pp. 9-10,,pp. 9-10,,,"{""d"":""process"",""t"":""Hidden Overallocation"",""task"":""PR4"",""a"":""hybrid"",""pattern"":""content"",""format"":""Scenario"",""difficulty"":""Moderate-Hard"",""q"":""A specialist is committed 50% to the project but is covering operational emergencies at night to maintain project dates. Reports show no variance. What should the project manager do first?"",""o"":[""Praise the specialist and redistribute only noncritical work, while documenting the assumptions and communicating the decision to affected stakeholders."",""Rebaseline using the specialist's official 50% allocation, then monitor the outcome through the next reporting cycle."",""Establish actual availability and workload, quantify the delivery and sustainability exposure, and resolve the allocation through the proper managers."",""Escalate the operational manager for violating the resource plan, using the current summary and documenting the resulting decision path.""],""x"":2,""r"":""Hidden overtime masks the real capacity constraint and must be made visible before corrective action."",""rule"":""Resource choices start with need, capability, availability, and constraints."",""taskLabel"":""Process Task 4 - Resources""}"
D1-124,Diagnostic 1,124,draft,,,process,Sustainable Supply Chain Finance,PR6,Process Task 6 - Finance,predictive,mindset,Case,Moderate,"Using the case data, what financial information should the project manager provide before governance decides whether to preserve the sustainable material commitment?","A request to rebaseline the project immediately to the sustainable-material market price, while documenting the assumptions and communicating the decision to affected stakeholders.","A recommendation to use conventional plastic because the current CPI is below 1.0, while documenting the assumptions and communicating the decision to affected stakeholders.","A request to release management reserve without comparing sourcing alternatives, while documenting the assumptions and communicating the decision to affected stakeholders.","A forecast separating the 35% price increase, current CPI exposure, remaining reserve, and the cost and benefit implications of each sourcing option.",,3,D,"A forecast separating the 35% price increase, current CPI exposure, remaining reserve, and the cost and benefit implications of each sourcing option.",Governance needs a transparent forecast that separates current performance from the new market cost and connects each option to the approved benefit.,PMI-PMP-2026-ECO | PR6 Process Task 6 - Finance | pp. 9-10,PMI-PMP-2026-ECO | PR6 Process Task 6 - Finance | pp. 9-10,,pp. 9-10,,,"{""d"":""process"",""t"":""Sustainable Supply Chain Finance"",""task"":""PR6"",""a"":""predictive"",""pattern"":""mindset"",""format"":""Case"",""difficulty"":""Moderate"",""q"":""Using the case data, what financial information should the project manager provide before governance decides whether to preserve the sustainable material commitment?"",""o"":[""A request to rebaseline the project immediately to the sustainable-material market price, while documenting the assumptions and communicating the decision to affected stakeholders."",""A recommendation to use conventional plastic because the current CPI is below 1.0, while documenting the assumptions and communicating the decision to affected stakeholders."",""A request to release management reserve without comparing sourcing alternatives, while documenting the assumptions and communicating the decision to affected stakeholders."",""A forecast separating the 35% price increase, current CPI exposure, remaining reserve, and the cost and benefit implications of each sourcing option.""],""x"":3,""r"":""Governance needs a transparent forecast that separates current performance from the new market cost and connects each option to the approved benefit."",""rule"":""Financial decisions use baselines, forecasts, reserves, and governance."",""taskLabel"":""Process Task 6 - Finance"",""caseHtml"":""<h3>Case: Sustainable Supply Chain Shift</h3><p>An international manufacturing project is transitioning a packaging pipeline to 100% biodegradable materials to satisfy a corporate ESG commitment. The engineering baseline is solid, but a sudden maritime logistics crisis has increased the cost of the sustainable substrate by 35%.</p><ul><li>Business Case Target: Achieve net-zero packaging footprint within the current fiscal year.</li><li>Baseline Status: CPI is 0.81; SPI is 0.98.</li><li>Operations Constraint: Conventional plastic stock is readily available locally at the original budgeted cost.</li><li>Stakeholder Signal: The procurement director is independently issuing a purchase order for conventional plastic to correct the cost variance.</li></ul>""}"
D1-125,Diagnostic 1,125,draft,,,process,Autonomous Fleet Schedule Impact,PR8,Process Task 8 - Schedule,adaptive,content,Case,Hard,"Using the case facts, what should the project manager do before recommending a revised launch date?","Analyze the telemetry change on the critical path, identify compression or sequencing options, and present the forecast with cost and compliance impacts.","Move the launch by three months because the architect provided that estimate, then monitor the outcome through the next reporting cycle.","Protect the original date until the legal challenge is resolved, while documenting the assumptions and communicating the decision to affected stakeholders.","Crash the schedule using the additional $450,000 as an emergency budget, while documenting the assumptions and communicating the decision to affected stakeholders.",,0,A,"Analyze the telemetry change on the critical path, identify compression or sequencing options, and present the forecast with cost and compliance impacts.","The schedule response must be based on an integrated forecast and options, not a single estimate, legal hope, or unauthorized spending.",PMI-PMP-2026-ECO | PR8 Process Task 8 - Schedule | pp. 9-10,PMI-PMP-2026-ECO | PR8 Process Task 8 - Schedule | pp. 9-10,,pp. 9-10,,,"{""d"":""process"",""t"":""Autonomous Fleet Schedule Impact"",""task"":""PR8"",""a"":""adaptive"",""pattern"":""content"",""format"":""Case"",""difficulty"":""Hard"",""q"":""Using the case facts, what should the project manager do before recommending a revised launch date?"",""o"":[""Analyze the telemetry change on the critical path, identify compression or sequencing options, and present the forecast with cost and compliance impacts."",""Move the launch by three months because the architect provided that estimate, then monitor the outcome through the next reporting cycle."",""Protect the original date until the legal challenge is resolved, while documenting the assumptions and communicating the decision to affected stakeholders."",""Crash the schedule using the additional $450,000 as an emergency budget, while documenting the assumptions and communicating the decision to affected stakeholders.""],""x"":0,""r"":""The schedule response must be based on an integrated forecast and options, not a single estimate, legal hope, or unauthorized spending."",""rule"":""Schedule control uses evidence, blockers, variance, forecasts, and transparent corrective action."",""taskLabel"":""Process Task 8 - Schedule"",""caseHtml"":""<h3>Case: Autonomous Fleet Compliance Shift</h3><p>A global shipping firm is mid-delivery on an autonomous drone fulfillment system. Six months before rollout, a regional aviation authority issues a surprise data-sovereignty ruling requiring localized black-box telemetry recording. The system architect confirms that modifying the existing telemetry payload will delay the launch by three months and require an additional $450,000.</p><ul><li>Business Goal: First-to-market autonomous delivery advantage.</li><li>Baseline Health: CV is currently -$12,000; SV is +4 days.</li><li>Sponsor Direction: The sponsor states that the data ruling is an overreach and commands the team to build to the original baseline while corporate legal challenges it.</li></ul>""}"
D1-126,Diagnostic 1,126,draft,,,process,Final Acceptance,PR10,Process Task 10 - Closure,predictive,content,Scenario,Moderate,"All work is complete, but the customer has not signed the required acceptance record. The sponsor wants the project closed before quarter end. What should the project manager do?","Close based on the sponsor's direction, while documenting the assumptions and communicating the decision to affected stakeholders.",Obtain formal acceptance or route the unmet closure criterion through governance before closing.,"Archive the unsigned record and obtain it after closure, while documenting the assumptions and communicating the decision to affected stakeholders.","Treat the missing signature as an operational issue, while documenting the assumptions and communicating the decision to affected stakeholders.",,1,B,Obtain formal acceptance or route the unmet closure criterion through governance before closing.,Required acceptance is a closure criterion and cannot be bypassed informally.,PMI-PMP-2026-ECO | PR10 Process Task 10 - Closure | pp. 9-10,PMI-PMP-2026-ECO | PR10 Process Task 10 - Closure | pp. 9-10,,pp. 9-10,,,"{""d"":""process"",""t"":""Final Acceptance"",""task"":""PR10"",""a"":""predictive"",""pattern"":""content"",""format"":""Scenario"",""difficulty"":""Moderate"",""q"":""All work is complete, but the customer has not signed the required acceptance record. The sponsor wants the project closed before quarter end. What should the project manager do?"",""o"":[""Close based on the sponsor's direction, while documenting the assumptions and communicating the decision to affected stakeholders."",""Obtain formal acceptance or route the unmet closure criterion through governance before closing."",""Archive the unsigned record and obtain it after closure, while documenting the assumptions and communicating the decision to affected stakeholders."",""Treat the missing signature as an operational issue, while documenting the assumptions and communicating the decision to affected stakeholders.""],""x"":1,""r"":""Required acceptance is a closure criterion and cannot be bypassed informally."",""rule"":""Closure requires acceptance, transition, lessons learned, and administrative closeout."",""taskLabel"":""Process Task 10 - Closure""}"
D1-127,Diagnostic 1,127,draft,,,process,Unapproved Report Request,PR2,Process Task 2 - Scope,predictive,content,Scenario,Moderate-Hard,A department asks for a small dashboard not included in scope. It uses existing data but adds a new acceptance obligation and may affect testing. What should the project manager do first?,"Approve it because the data already exists, then update the affected plans and communicate the rationale to stakeholders.","Reject it because all out-of-scope work is scope creep, and present the resulting cost and schedule impact at the next governance review.","Assess scope, acceptance, cost, schedule, and risk impacts before routing the request through the approved change path.","Ask the team to build it if capacity remains, while documenting the assumptions and communicating the decision to affected stakeholders.",,2,C,"Assess scope, acceptance, cost, schedule, and risk impacts before routing the request through the approved change path.",Small effort does not remove the need to analyze new scope and acceptance commitments.,PMI-PMP-2026-ECO | PR2 Process Task 2 - Scope | pp. 9-10,PMI-PMP-2026-ECO | PR2 Process Task 2 - Scope | pp. 9-10,,pp. 9-10,,,"{""d"":""process"",""t"":""Unapproved Report Request"",""task"":""PR2"",""a"":""predictive"",""pattern"":""content"",""format"":""Scenario"",""difficulty"":""Moderate-Hard"",""q"":""A department asks for a small dashboard not included in scope. It uses existing data but adds a new acceptance obligation and may affect testing. What should the project manager do first?"",""o"":[""Approve it because the data already exists, then update the affected plans and communicate the rationale to stakeholders."",""Reject it because all out-of-scope work is scope creep, and present the resulting cost and schedule impact at the next governance review."",""Assess scope, acceptance, cost, schedule, and risk impacts before routing the request through the approved change path."",""Ask the team to build it if capacity remains, while documenting the assumptions and communicating the decision to affected stakeholders.""],""x"":2,""r"":""Small effort does not remove the need to analyze new scope and acceptance commitments."",""rule"":""Scope must be agreed, controlled, and verified before unmanaged work enters delivery."",""taskLabel"":""Process Task 2 - Scope""}"
D1-128,Diagnostic 1,128,draft,,,process,Competency Gap,PR4,Process Task 4 - Resources,hybrid,content,Scenario,Moderate-Hard,The only available analyst lacks a certification required to approve a regulated work package. The milestone is near. What should the project manager do?,"Assign the analyst and obtain retrospective approval, then monitor the outcome through the next reporting cycle.","Ask the sponsor to waive the certification requirement, using the current summary and documenting the resulting decision path.","Delay the entire project until a permanent replacement is hired, and present the resulting cost and schedule impact at the next governance review.",Match the work to required competence by adding qualified review or securing an authorized resource before approval work begins.,,3,D,Match the work to required competence by adding qualified review or securing an authorized resource before approval work begins.,"Resource planning must account for competence and authorization, not only availability.",PMI-PMP-2026-ECO | PR4 Process Task 4 - Resources | pp. 9-10,PMI-PMP-2026-ECO | PR4 Process Task 4 - Resources | pp. 9-10,,pp. 9-10,,,"{""d"":""process"",""t"":""Competency Gap"",""task"":""PR4"",""a"":""hybrid"",""pattern"":""content"",""format"":""Scenario"",""difficulty"":""Moderate-Hard"",""q"":""The only available analyst lacks a certification required to approve a regulated work package. The milestone is near. What should the project manager do?"",""o"":[""Assign the analyst and obtain retrospective approval, then monitor the outcome through the next reporting cycle."",""Ask the sponsor to waive the certification requirement, using the current summary and documenting the resulting decision path."",""Delay the entire project until a permanent replacement is hired, and present the resulting cost and schedule impact at the next governance review."",""Match the work to required competence by adding qualified review or securing an authorized resource before approval work begins.""],""x"":3,""r"":""Resource planning must account for competence and authorization, not only availability."",""rule"":""Resource choices start with need, capability, availability, and constraints."",""taskLabel"":""Process Task 4 - Resources""}"
D1-129,Diagnostic 1,129,draft,,,process,Autonomous Fleet Funding,PR6,Process Task 6 - Finance,predictive,mindset,Case,Moderate,"If governance approves the telemetry change, what is the most appropriate next financial action?","Update the cost forecast and baseline through the approved change, identify the authorized funding source, and monitor the revised reserve position.","Use contingency reserve because the regulation is a project risk, then monitor the outcome through the next reporting cycle.","Absorb the $450,000 within existing work packages to avoid a budget exception, while documenting the assumptions and communicating the decision to affected stakeholders.","Request management reserve and begin work before the change is approved, while documenting the assumptions and communicating the decision to affected stakeholders.",,0,A,"Update the cost forecast and baseline through the approved change, identify the authorized funding source, and monitor the revised reserve position.",An approved mandatory change requires transparent forecast and baseline updates through the authorized funding process.,PMI-PMP-2026-ECO | PR6 Process Task 6 - Finance | pp. 9-10,PMI-PMP-2026-ECO | PR6 Process Task 6 - Finance | pp. 9-10,,pp. 9-10,,,"{""d"":""process"",""t"":""Autonomous Fleet Funding"",""task"":""PR6"",""a"":""predictive"",""pattern"":""mindset"",""format"":""Case"",""difficulty"":""Moderate"",""q"":""If governance approves the telemetry change, what is the most appropriate next financial action?"",""o"":[""Update the cost forecast and baseline through the approved change, identify the authorized funding source, and monitor the revised reserve position."",""Use contingency reserve because the regulation is a project risk, then monitor the outcome through the next reporting cycle."",""Absorb the $450,000 within existing work packages to avoid a budget exception, while documenting the assumptions and communicating the decision to affected stakeholders."",""Request management reserve and begin work before the change is approved, while documenting the assumptions and communicating the decision to affected stakeholders.""],""x"":0,""r"":""An approved mandatory change requires transparent forecast and baseline updates through the authorized funding process."",""rule"":""Financial decisions use baselines, forecasts, reserves, and governance."",""taskLabel"":""Process Task 6 - Finance"",""caseHtml"":""<h3>Case: Autonomous Fleet Compliance Shift</h3><p>A global shipping firm is mid-delivery on an autonomous drone fulfillment system. Six months before rollout, a regional aviation authority issues a surprise data-sovereignty ruling requiring localized black-box telemetry recording. The system architect confirms that modifying the existing telemetry payload will delay the launch by three months and require an additional $450,000.</p><ul><li>Business Goal: First-to-market autonomous delivery advantage.</li><li>Baseline Health: CV is currently -$12,000; SV is +4 days.</li><li>Sponsor Direction: The sponsor states that the data ruling is an overreach and commands the team to build to the original baseline while corporate legal challenges it.</li></ul>""}"
D1-130,Diagnostic 1,130,draft,,,process,Schedule Compression,PR8,Process Task 8 - Schedule,adaptive,content,Scenario,Hard,A sponsor requests overtime to recover 20 days of negative float. Cost performance is already poor and the work is safety-sensitive. What should the project manager do first?,"Approve overtime because the project has negative float, then update the affected plans and communicate the rationale to stakeholders.","Evaluate crashing and fast-tracking options, cost and safety impacts, and secondary risks before seeking an authorized decision.","Reject all compression because cost performance is poor, and present the resulting cost and schedule impact at the next governance review.","Rebaseline the finish date by 20 days, then monitor the outcome through the next reporting cycle.",,1,B,"Evaluate crashing and fast-tracking options, cost and safety impacts, and secondary risks before seeking an authorized decision.","Schedule compression requires integrated impact analysis, not automatic action.",PMI-PMP-2026-ECO | PR8 Process Task 8 - Schedule | pp. 9-10,PMI-PMP-2026-ECO | PR8 Process Task 8 - Schedule | pp. 9-10,,pp. 9-10,,,"{""d"":""process"",""t"":""Schedule Compression"",""task"":""PR8"",""a"":""adaptive"",""pattern"":""content"",""format"":""Scenario"",""difficulty"":""Hard"",""q"":""A sponsor requests overtime to recover 20 days of negative float. Cost performance is already poor and the work is safety-sensitive. What should the project manager do first?"",""o"":[""Approve overtime because the project has negative float, then update the affected plans and communicate the rationale to stakeholders."",""Evaluate crashing and fast-tracking options, cost and safety impacts, and secondary risks before seeking an authorized decision."",""Reject all compression because cost performance is poor, and present the resulting cost and schedule impact at the next governance review."",""Rebaseline the finish date by 20 days, then monitor the outcome through the next reporting cycle.""],""x"":1,""r"":""Schedule compression requires integrated impact analysis, not automatic action."",""rule"":""Schedule control uses evidence, blockers, variance, forecasts, and transparent corrective action."",""taskLabel"":""Process Task 8 - Schedule""}"
D1-131,Diagnostic 1,131,draft,,,process,Contract Closeout,PR10,Process Task 10 - Closure,predictive,content,Scenario,Moderate,"A vendor has delivered all technical items, but one open claim and final invoice reconciliation remain. The project team is ready to disband. What should the project manager do first?","Release the team and leave procurement to finish later, then update the affected plans and communicate the rationale to stakeholders.","Close the contract because deliverables are complete, while documenting the assumptions and communicating the decision to affected stakeholders.",Complete the contract-administration and financial closeout steps before final project closure and resource release.,"Escalate the claim to legal and close the project, using the current summary and documenting the resulting decision path.",,2,C,Complete the contract-administration and financial closeout steps before final project closure and resource release.,Procurement and financial closure are part of orderly project closeout.,PMI-PMP-2026-ECO | PR10 Process Task 10 - Closure | pp. 9-10,PMI-PMP-2026-ECO | PR10 Process Task 10 - Closure | pp. 9-10,,pp. 9-10,,,"{""d"":""process"",""t"":""Contract Closeout"",""task"":""PR10"",""a"":""predictive"",""pattern"":""content"",""format"":""Scenario"",""difficulty"":""Moderate"",""q"":""A vendor has delivered all technical items, but one open claim and final invoice reconciliation remain. The project team is ready to disband. What should the project manager do first?"",""o"":[""Release the team and leave procurement to finish later, then update the affected plans and communicate the rationale to stakeholders."",""Close the contract because deliverables are complete, while documenting the assumptions and communicating the decision to affected stakeholders."",""Complete the contract-administration and financial closeout steps before final project closure and resource release."",""Escalate the claim to legal and close the project, using the current summary and documenting the resulting decision path.""],""x"":2,""r"":""Procurement and financial closure are part of orderly project closeout."",""rule"":""Closure requires acceptance, transition, lessons learned, and administrative closeout."",""taskLabel"":""Process Task 10 - Closure""}"
D1-132,Diagnostic 1,132,draft,,,process,Backlog Acceptance Gap,PR2,Process Task 2 - Scope,hybrid,content,Scenario,Moderate-Hard,"A feature is marked done, but operations says required audit logging in the agreed acceptance criteria is missing. The product owner wants to accept it and add logging later. What should happen next?","Accept it because the product owner owns backlog priority, then update the affected plans and communicate the rationale to stakeholders.","Transfer the logging work to operations after release, then monitor the outcome through the next reporting cycle.","Record the gap as technical debt and close the story, while documenting the assumptions and communicating the decision to affected stakeholders.",Verify against the agreed criteria and resolve the gap before acceptance.,,3,D,Verify against the agreed criteria and resolve the gap before acceptance.,"Done means meeting agreed acceptance criteria, not merely functional completion.",PMI-PMP-2026-ECO | PR2 Process Task 2 - Scope | pp. 9-10,PMI-PMP-2026-ECO | PR2 Process Task 2 - Scope | pp. 9-10,,pp. 9-10,,,"{""d"":""process"",""t"":""Backlog Acceptance Gap"",""task"":""PR2"",""a"":""hybrid"",""pattern"":""content"",""format"":""Scenario"",""difficulty"":""Moderate-Hard"",""q"":""A feature is marked done, but operations says required audit logging in the agreed acceptance criteria is missing. The product owner wants to accept it and add logging later. What should happen next?"",""o"":[""Accept it because the product owner owns backlog priority, then update the affected plans and communicate the rationale to stakeholders."",""Transfer the logging work to operations after release, then monitor the outcome through the next reporting cycle."",""Record the gap as technical debt and close the story, while documenting the assumptions and communicating the decision to affected stakeholders."",""Verify against the agreed criteria and resolve the gap before acceptance.""],""x"":3,""r"":""Done means meeting agreed acceptance criteria, not merely functional completion."",""rule"":""Scope must be agreed, controlled, and verified before unmanaged work enters delivery."",""taskLabel"":""Process Task 2 - Scope""}"
D1-133,Diagnostic 1,133,draft,,,process,Distributed Capacity,PR4,Process Task 4 - Resources,hybrid,content,Scenario,Moderate-Hard,"A remote team appears fully staffed, but three members share a limited test environment and spend hours waiting. Velocity has declined for two iterations. What should the project manager do first?","Make the environment constraint and its capacity impact visible, then evaluate allocation, sequencing, or additional-environment options.","Add developers to increase throughput, then monitor the outcome through the next reporting cycle.","Extend the sprint duration until the environment is available, while documenting the assumptions and communicating the decision to affected stakeholders.","Ask team members to work in different time zones, while documenting the assumptions and communicating the decision to affected stakeholders.",,0,A,"Make the environment constraint and its capacity impact visible, then evaluate allocation, sequencing, or additional-environment options.","The bottleneck is the shared environment, so resource action should follow evidence about the constraint.",PMI-PMP-2026-ECO | PR4 Process Task 4 - Resources | pp. 9-10,PMI-PMP-2026-ECO | PR4 Process Task 4 - Resources | pp. 9-10,,pp. 9-10,,,"{""d"":""process"",""t"":""Distributed Capacity"",""task"":""PR4"",""a"":""hybrid"",""pattern"":""content"",""format"":""Scenario"",""difficulty"":""Moderate-Hard"",""q"":""A remote team appears fully staffed, but three members share a limited test environment and spend hours waiting. Velocity has declined for two iterations. What should the project manager do first?"",""o"":[""Make the environment constraint and its capacity impact visible, then evaluate allocation, sequencing, or additional-environment options."",""Add developers to increase throughput, then monitor the outcome through the next reporting cycle."",""Extend the sprint duration until the environment is available, while documenting the assumptions and communicating the decision to affected stakeholders."",""Ask team members to work in different time zones, while documenting the assumptions and communicating the decision to affected stakeholders.""],""x"":0,""r"":""The bottleneck is the shared environment, so resource action should follow evidence about the constraint."",""rule"":""Resource choices start with need, capability, availability, and constraints."",""taskLabel"":""Process Task 4 - Resources""}"
D1-134,Diagnostic 1,134,draft,,,process,Strategic Customization Finance,PR6,Process Task 6 - Finance,predictive,mindset,Case,Moderate,"Before governance considers the customization, which financial analysis is most useful?","A confirmation that the project CPI and SPI are currently above 1.0, while documenting the assumptions and communicating the decision to affected stakeholders.","A comparison of local adoption value, $45,000 implementation cost, long-term maintenance cost, and the funding exposure if the region withdraws.","A request to use contingency reserve because the division manager may withdraw funding, while documenting the assumptions and communicating the decision to affected stakeholders.","A rebaseline showing the customization as part of the approved local scope tolerance, while documenting the assumptions and communicating the decision to affected stakeholders.",,1,B,"A comparison of local adoption value, $45,000 implementation cost, long-term maintenance cost, and the funding exposure if the region withdraws.","The decision requires total financial and value consequences, not only current performance or local cost authority.",PMI-PMP-2026-ECO | PR6 Process Task 6 - Finance | pp. 9-10,PMI-PMP-2026-ECO | PR6 Process Task 6 - Finance | pp. 9-10,,pp. 9-10,,,"{""d"":""process"",""t"":""Strategic Customization Finance"",""task"":""PR6"",""a"":""predictive"",""pattern"":""mindset"",""format"":""Case"",""difficulty"":""Moderate"",""q"":""Before governance considers the customization, which financial analysis is most useful?"",""o"":[""A confirmation that the project CPI and SPI are currently above 1.0, while documenting the assumptions and communicating the decision to affected stakeholders."",""A comparison of local adoption value, $45,000 implementation cost, long-term maintenance cost, and the funding exposure if the region withdraws."",""A request to use contingency reserve because the division manager may withdraw funding, while documenting the assumptions and communicating the decision to affected stakeholders."",""A rebaseline showing the customization as part of the approved local scope tolerance, while documenting the assumptions and communicating the decision to affected stakeholders.""],""x"":1,""r"":""The decision requires total financial and value consequences, not only current performance or local cost authority."",""rule"":""Financial decisions use baselines, forecasts, reserves, and governance."",""taskLabel"":""Process Task 6 - Finance"",""caseHtml"":""<h3>Case: The Strategic Customization Push</h3><p>A regional division manager demands a highly customized, local tax-compliance automation layout for a global SaaS accounting platform deployment. The project manager's change matrix allows local scope adjustments up to $50,000, and this request is priced at $45,000. However, the enterprise architecture board issues a formal warning that localizing the base code will permanently compromise the core standardization objective of the platform.</p><ul><li>Local Scope Tolerance: Delegated PM authority up to $50,000.</li><li>Estimated Modification Cost: $45,000.</li><li>Project Baseline: CPI is 1.04; SPI is 1.01.</li><li>Division Signal: The division manager threatens to pull regional funding if the customization is denied.</li></ul>""}"
D1-135,Diagnostic 1,135,draft,,,process,Burnup Trend,PR8,Process Task 8 - Schedule,adaptive,content,Scenario,Hard,"A burnup chart shows completed scope rising steadily, but total scope is increasing faster and the forecast release date is moving. What should the project manager do first?","Increase velocity targets for the next sprint, while documenting the assumptions and communicating the decision to affected stakeholders.","Freeze the backlog immediately, and present the resulting cost and schedule impact at the next governance review.","Analyze the source of scope growth, reforecast the release, and make the trend and control implications visible.","Report progress as healthy because completed scope is rising, using the current summary and documenting the resulting decision path.",,2,C,"Analyze the source of scope growth, reforecast the release, and make the trend and control implications visible.","The chart indicates scope-growth risk, not merely a productivity issue.",PMI-PMP-2026-ECO | PR8 Process Task 8 - Schedule | pp. 9-10,PMI-PMP-2026-ECO | PR8 Process Task 8 - Schedule | pp. 9-10,,pp. 9-10,,,"{""d"":""process"",""t"":""Burnup Trend"",""task"":""PR8"",""a"":""adaptive"",""pattern"":""content"",""format"":""Scenario"",""difficulty"":""Hard"",""q"":""A burnup chart shows completed scope rising steadily, but total scope is increasing faster and the forecast release date is moving. What should the project manager do first?"",""o"":[""Increase velocity targets for the next sprint, while documenting the assumptions and communicating the decision to affected stakeholders."",""Freeze the backlog immediately, and present the resulting cost and schedule impact at the next governance review."",""Analyze the source of scope growth, reforecast the release, and make the trend and control implications visible."",""Report progress as healthy because completed scope is rising, using the current summary and documenting the resulting decision path.""],""x"":2,""r"":""The chart indicates scope-growth risk, not merely a productivity issue."",""rule"":""Schedule control uses evidence, blockers, variance, forecasts, and transparent corrective action."",""taskLabel"":""Process Task 8 - Schedule""}"
D1-136,Diagnostic 1,136,draft,,,process,Benefits Ownership,PR10,Process Task 10 - Closure,predictive,content,Scenario,Moderate,Operations accepts the solution but has not named an owner for post-project benefit measurement required by the transition gate. What should the project manager do?,"Assign the project manager as interim benefits owner, then monitor the outcome through the next reporting cycle.","Close because operations accepted the deliverables, while documenting the assumptions and communicating the decision to affected stakeholders.","Record the missing owner in lessons learned, while documenting the assumptions and communicating the decision to affected stakeholders.",Hold or escalate the gate until ownership and measurement responsibility are assigned or formally waived.,,3,D,Hold or escalate the gate until ownership and measurement responsibility are assigned or formally waived.,Transition criteria must be met or formally waived by the proper authority.,PMI-PMP-2026-ECO | PR10 Process Task 10 - Closure | pp. 9-10,PMI-PMP-2026-ECO | PR10 Process Task 10 - Closure | pp. 9-10,,pp. 9-10,,,"{""d"":""process"",""t"":""Benefits Ownership"",""task"":""PR10"",""a"":""predictive"",""pattern"":""content"",""format"":""Scenario"",""difficulty"":""Moderate"",""q"":""Operations accepts the solution but has not named an owner for post-project benefit measurement required by the transition gate. What should the project manager do?"",""o"":[""Assign the project manager as interim benefits owner, then monitor the outcome through the next reporting cycle."",""Close because operations accepted the deliverables, while documenting the assumptions and communicating the decision to affected stakeholders."",""Record the missing owner in lessons learned, while documenting the assumptions and communicating the decision to affected stakeholders."",""Hold or escalate the gate until ownership and measurement responsibility are assigned or formally waived.""],""x"":3,""r"":""Transition criteria must be met or formally waived by the proper authority."",""rule"":""Closure requires acceptance, transition, lessons learned, and administrative closeout."",""taskLabel"":""Process Task 10 - Closure""}"
D1-137,Diagnostic 1,137,draft,,,process,Regulatory Requirement Discovered,PR2,Process Task 2 - Scope,predictive,content,Scenario,Moderate-Hard,"During testing, the team discovers that a new regulation requires additional retention controls not included in the scope baseline. What should the project manager do first?","Confirm the requirement with the compliance authority, analyze scope and baseline impacts, and route the change through governance.","Implement the control immediately without changing the baseline, then update the affected plans and communicate the rationale to stakeholders.","Continue testing until the regulator issues a formal finding, while monitoring the exposure and updating the relevant project records.","Ask the sponsor to accept the compliance risk, using the current summary and documenting the resulting decision path.",,0,A,"Confirm the requirement with the compliance authority, analyze scope and baseline impacts, and route the change through governance.",The requirement must be validated and its baseline impacts formally controlled.,PMI-PMP-2026-ECO | PR2 Process Task 2 - Scope | pp. 9-10,PMI-PMP-2026-ECO | PR2 Process Task 2 - Scope | pp. 9-10,,pp. 9-10,,,"{""d"":""process"",""t"":""Regulatory Requirement Discovered"",""task"":""PR2"",""a"":""predictive"",""pattern"":""content"",""format"":""Scenario"",""difficulty"":""Moderate-Hard"",""q"":""During testing, the team discovers that a new regulation requires additional retention controls not included in the scope baseline. What should the project manager do first?"",""o"":[""Confirm the requirement with the compliance authority, analyze scope and baseline impacts, and route the change through governance."",""Implement the control immediately without changing the baseline, then update the affected plans and communicate the rationale to stakeholders."",""Continue testing until the regulator issues a formal finding, while monitoring the exposure and updating the relevant project records."",""Ask the sponsor to accept the compliance risk, using the current summary and documenting the resulting decision path.""],""x"":0,""r"":""The requirement must be validated and its baseline impacts formally controlled."",""rule"":""Scope must be agreed, controlled, and verified before unmanaged work enters delivery."",""taskLabel"":""Process Task 2 - Scope""}"
D1-138,Diagnostic 1,138,draft,,,process,Equipment Shortage,PR4,Process Task 4 - Resources,hybrid,content,Scenario,Moderate-Hard,Two field crews require the same calibrated device during overlapping critical activities. The resource calendar lists one device but the conflict was missed. What should the project manager do first?,"Give the device to the activity that starts first, while documenting the assumptions and communicating the decision to affected stakeholders.","Assess critical-path and cost impacts of resequencing, renting, or sharing, then select or escalate the best option within authority.","Ask both crews to shorten their use of the device, while documenting the assumptions and communicating the decision to affected stakeholders.","Purchase a second device immediately, while documenting the assumptions and communicating the decision to affected stakeholders.",,1,B,"Assess critical-path and cost impacts of resequencing, renting, or sharing, then select or escalate the best option within authority.",The project manager should analyze schedule and cost tradeoffs before choosing a resource response.,PMI-PMP-2026-ECO | PR4 Process Task 4 - Resources | pp. 9-10,PMI-PMP-2026-ECO | PR4 Process Task 4 - Resources | pp. 9-10,,pp. 9-10,,,"{""d"":""process"",""t"":""Equipment Shortage"",""task"":""PR4"",""a"":""hybrid"",""pattern"":""content"",""format"":""Scenario"",""difficulty"":""Moderate-Hard"",""q"":""Two field crews require the same calibrated device during overlapping critical activities. The resource calendar lists one device but the conflict was missed. What should the project manager do first?"",""o"":[""Give the device to the activity that starts first, while documenting the assumptions and communicating the decision to affected stakeholders."",""Assess critical-path and cost impacts of resequencing, renting, or sharing, then select or escalate the best option within authority."",""Ask both crews to shorten their use of the device, while documenting the assumptions and communicating the decision to affected stakeholders."",""Purchase a second device immediately, while documenting the assumptions and communicating the decision to affected stakeholders.""],""x"":1,""r"":""The project manager should analyze schedule and cost tradeoffs before choosing a resource response."",""rule"":""Resource choices start with need, capability, availability, and constraints."",""taskLabel"":""Process Task 4 - Resources""}"
D1-139,Diagnostic 1,139,draft,,,process,Management Reserve Request,PR6,Process Task 6 - Finance,predictive,mindset,Scenario,Moderate,An unforeseen regulatory requirement creates cost outside identified contingency. The project manager needs additional funding. What is the appropriate next step?,"Use unused contingency from another risk category, then monitor the outcome through the next reporting cycle.","Reallocate labor budgets from lower-value work without approval, while documenting the assumptions and communicating the decision to affected stakeholders.",Prepare the impact analysis and request management reserve through the authority that controls it.,"Increase the cost baseline and inform governance afterward, while documenting the assumptions and communicating the decision to affected stakeholders.",,2,C,Prepare the impact analysis and request management reserve through the authority that controls it.,"Management reserve is controlled through governance, not unilaterally by the project manager.",PMI-PMP-2026-ECO | PR6 Process Task 6 - Finance | pp. 9-10,PMI-PMP-2026-ECO | PR6 Process Task 6 - Finance | pp. 9-10,,pp. 9-10,,,"{""d"":""process"",""t"":""Management Reserve Request"",""task"":""PR6"",""a"":""predictive"",""pattern"":""mindset"",""format"":""Scenario"",""difficulty"":""Moderate"",""q"":""An unforeseen regulatory requirement creates cost outside identified contingency. The project manager needs additional funding. What is the appropriate next step?"",""o"":[""Use unused contingency from another risk category, then monitor the outcome through the next reporting cycle."",""Reallocate labor budgets from lower-value work without approval, while documenting the assumptions and communicating the decision to affected stakeholders."",""Prepare the impact analysis and request management reserve through the authority that controls it."",""Increase the cost baseline and inform governance afterward, while documenting the assumptions and communicating the decision to affected stakeholders.""],""x"":2,""r"":""Management reserve is controlled through governance, not unilaterally by the project manager."",""rule"":""Financial decisions use baselines, forecasts, reserves, and governance."",""taskLabel"":""Process Task 6 - Finance""}"
D1-140,Diagnostic 1,140,draft,,,process,Milestone Slip Unconfirmed,PR8,Process Task 8 - Schedule,adaptive,content,Scenario,Hard,"A vendor informally warns that a milestone may slip, but the formal report remains green. The milestone has no float. What should the project manager do first?","Continue using the formal green report, while monitoring the exposure and updating the relevant project records.","Escalate the vendor for inaccurate reporting, using the current summary and documenting the resulting decision path.","Move the project milestone to the vendor's informal date, then monitor the outcome through the next reporting cycle.","Validate the forecast with the vendor, analyze downstream exposure, and prepare response options without waiting for formal red status.",,3,D,"Validate the forecast with the vendor, analyze downstream exposure, and prepare response options without waiting for formal red status.",A credible early signal should be validated and analyzed proactively.,PMI-PMP-2026-ECO | PR8 Process Task 8 - Schedule | pp. 9-10,PMI-PMP-2026-ECO | PR8 Process Task 8 - Schedule | pp. 9-10,,pp. 9-10,,,"{""d"":""process"",""t"":""Milestone Slip Unconfirmed"",""task"":""PR8"",""a"":""adaptive"",""pattern"":""content"",""format"":""Scenario"",""difficulty"":""Hard"",""q"":""A vendor informally warns that a milestone may slip, but the formal report remains green. The milestone has no float. What should the project manager do first?"",""o"":[""Continue using the formal green report, while monitoring the exposure and updating the relevant project records."",""Escalate the vendor for inaccurate reporting, using the current summary and documenting the resulting decision path."",""Move the project milestone to the vendor's informal date, then monitor the outcome through the next reporting cycle."",""Validate the forecast with the vendor, analyze downstream exposure, and prepare response options without waiting for formal red status.""],""x"":3,""r"":""A credible early signal should be validated and analyzed proactively."",""rule"":""Schedule control uses evidence, blockers, variance, forecasts, and transparent corrective action."",""taskLabel"":""Process Task 8 - Schedule""}"
D1-141,Diagnostic 1,141,draft,,,process,Lessons Learned,PR10,Process Task 10 - Closure,predictive,content,Scenario,Moderate,"A major defect was resolved, and the same root cause could affect other projects. Closure is scheduled tomorrow. What should the project manager do?","Capture the cause, response, and prevention insight with the relevant stakeholders and make it accessible before closure.","Wait for the final closure meeting, while monitoring the exposure and updating the relevant project records.","Record only the defect and final fix in the issue log, while documenting the assumptions and communicating the decision to affected stakeholders.","Ask the PMO to interview the team after resources are released, while documenting the assumptions and communicating the decision to affected stakeholders.",,0,A,"Capture the cause, response, and prevention insight with the relevant stakeholders and make it accessible before closure.",Useful lessons should be validated and transferred before the team disperses.,PMI-PMP-2026-ECO | PR10 Process Task 10 - Closure | pp. 9-10,PMI-PMP-2026-ECO | PR10 Process Task 10 - Closure | pp. 9-10,,pp. 9-10,,,"{""d"":""process"",""t"":""Lessons Learned"",""task"":""PR10"",""a"":""predictive"",""pattern"":""content"",""format"":""Scenario"",""difficulty"":""Moderate"",""q"":""A major defect was resolved, and the same root cause could affect other projects. Closure is scheduled tomorrow. What should the project manager do?"",""o"":[""Capture the cause, response, and prevention insight with the relevant stakeholders and make it accessible before closure."",""Wait for the final closure meeting, while monitoring the exposure and updating the relevant project records."",""Record only the defect and final fix in the issue log, while documenting the assumptions and communicating the decision to affected stakeholders."",""Ask the PMO to interview the team after resources are released, while documenting the assumptions and communicating the decision to affected stakeholders.""],""x"":0,""r"":""Useful lessons should be validated and transferred before the team disperses."",""rule"":""Closure requires acceptance, transition, lessons learned, and administrative closeout."",""taskLabel"":""Process Task 10 - Closure""}"
D1-142,Diagnostic 1,142,draft,,,process,Customer Tolerance Request,PR2,Process Task 2 - Scope,predictive,content,Scenario,Moderate-Hard,A customer requests a change that falls within the project manager's cost tolerance but alters a contractual acceptance criterion. What should the project manager do?,"Approve it because the cost is within delegated authority, then update the affected plans and communicate the rationale to stakeholders.",Analyze the contractual and delivery impacts and use the authorized change process despite the local cost tolerance.,"Reject it because acceptance criteria cannot change after baseline approval, and present the resulting cost and schedule impact at the next governance review.","Ask the customer to document the request after implementation, while documenting the assumptions and communicating the decision to affected stakeholders.",,1,B,Analyze the contractual and delivery impacts and use the authorized change process despite the local cost tolerance.,Local cost authority does not override contractual acceptance governance.,PMI-PMP-2026-ECO | PR2 Process Task 2 - Scope | pp. 9-10,PMI-PMP-2026-ECO | PR2 Process Task 2 - Scope | pp. 9-10,,pp. 9-10,,,"{""d"":""process"",""t"":""Customer Tolerance Request"",""task"":""PR2"",""a"":""predictive"",""pattern"":""content"",""format"":""Scenario"",""difficulty"":""Moderate-Hard"",""q"":""A customer requests a change that falls within the project manager's cost tolerance but alters a contractual acceptance criterion. What should the project manager do?"",""o"":[""Approve it because the cost is within delegated authority, then update the affected plans and communicate the rationale to stakeholders."",""Analyze the contractual and delivery impacts and use the authorized change process despite the local cost tolerance."",""Reject it because acceptance criteria cannot change after baseline approval, and present the resulting cost and schedule impact at the next governance review."",""Ask the customer to document the request after implementation, while documenting the assumptions and communicating the decision to affected stakeholders.""],""x"":1,""r"":""Local cost authority does not override contractual acceptance governance."",""rule"":""Scope must be agreed, controlled, and verified before unmanaged work enters delivery."",""taskLabel"":""Process Task 2 - Scope""}"
D1-143,Diagnostic 1,143,draft,,,process,Burnout Signal,PR4,Process Task 4 - Resources,hybrid,content,Scenario,Moderate-Hard,"A team meets milestones, but overtime has increased for eight weeks and defect rates are beginning to rise. The sponsor wants the team to maintain the current pace through launch. What should the project manager do first?","Continue because milestones are still being met, while monitoring the exposure and updating the relevant project records.","Offer recognition and schedule time off after launch, while documenting the assumptions and communicating the decision to affected stakeholders.","Quantify the workload, quality, and forecast exposure and develop sustainable capacity options for sponsor and functional-manager decision.","Reduce quality activities to lower workload, then monitor the outcome through the next reporting cycle.",,2,C,"Quantify the workload, quality, and forecast exposure and develop sustainable capacity options for sponsor and functional-manager decision.",Sustained overtime is a resource and quality risk that should be made transparent and addressed.,PMI-PMP-2026-ECO | PR4 Process Task 4 - Resources | pp. 9-10,PMI-PMP-2026-ECO | PR4 Process Task 4 - Resources | pp. 9-10,,pp. 9-10,,,"{""d"":""process"",""t"":""Burnout Signal"",""task"":""PR4"",""a"":""hybrid"",""pattern"":""content"",""format"":""Scenario"",""difficulty"":""Moderate-Hard"",""q"":""A team meets milestones, but overtime has increased for eight weeks and defect rates are beginning to rise. The sponsor wants the team to maintain the current pace through launch. What should the project manager do first?"",""o"":[""Continue because milestones are still being met, while monitoring the exposure and updating the relevant project records."",""Offer recognition and schedule time off after launch, while documenting the assumptions and communicating the decision to affected stakeholders."",""Quantify the workload, quality, and forecast exposure and develop sustainable capacity options for sponsor and functional-manager decision."",""Reduce quality activities to lower workload, then monitor the outcome through the next reporting cycle.""],""x"":2,""r"":""Sustained overtime is a resource and quality risk that should be made transparent and addressed."",""rule"":""Resource choices start with need, capability, availability, and constraints."",""taskLabel"":""Process Task 4 - Resources""}"
D1-144,Diagnostic 1,144,draft,,,process,Approved Change vs Rework,PR6,Process Task 6 - Finance,predictive,mindset,Scenario,Moderate,"Forecast cost increased by $300,000. An approved scope change explains $220,000; defect rework explains the rest. What should the project manager do first?","Report only the $80,000 variance because the change was approved, using the current summary and documenting the resulting decision path.","Use contingency reserve for the full $300,000 increase, then monitor the outcome through the next reporting cycle.","Rebaseline the entire forecast to include both amounts, then monitor the outcome through the next reporting cycle.","Separate the approved change from performance variance, update the forecast, and address the rework cause through the appropriate controls.",,3,D,"Separate the approved change from performance variance, update the forecast, and address the rework cause through the appropriate controls.",Approved scope and avoidable rework have different governance and performance implications.,PMI-PMP-2026-ECO | PR6 Process Task 6 - Finance | pp. 9-10,PMI-PMP-2026-ECO | PR6 Process Task 6 - Finance | pp. 9-10,,pp. 9-10,,,"{""d"":""process"",""t"":""Approved Change vs Rework"",""task"":""PR6"",""a"":""predictive"",""pattern"":""mindset"",""format"":""Scenario"",""difficulty"":""Moderate"",""q"":""Forecast cost increased by $300,000. An approved scope change explains $220,000; defect rework explains the rest. What should the project manager do first?"",""o"":[""Report only the $80,000 variance because the change was approved, using the current summary and documenting the resulting decision path."",""Use contingency reserve for the full $300,000 increase, then monitor the outcome through the next reporting cycle."",""Rebaseline the entire forecast to include both amounts, then monitor the outcome through the next reporting cycle."",""Separate the approved change from performance variance, update the forecast, and address the rework cause through the appropriate controls.""],""x"":3,""r"":""Approved scope and avoidable rework have different governance and performance implications."",""rule"":""Financial decisions use baselines, forecasts, reserves, and governance."",""taskLabel"":""Process Task 6 - Finance""}"
D1-145,Diagnostic 1,145,draft,,,process,Early Estimate,PR8,Process Task 8 - Schedule,adaptive,content,Scenario,Hard,"After two discovery iterations, the sponsor asks for a single completion date. Significant assumptions remain unresolved. What should the project manager provide?","A forecast range and assumptions, plus a commitment date tied to a stated confidence level and refinement checkpoints.","The sponsor's preferred date with scope contingency, while documenting the assumptions and communicating the decision to affected stakeholders.","No date until discovery is complete, while documenting the assumptions and communicating the decision to affected stakeholders.","The team's optimistic estimate with a management reserve request, while documenting the assumptions and communicating the decision to affected stakeholders.",,0,A,"A forecast range and assumptions, plus a commitment date tied to a stated confidence level and refinement checkpoints.",A decision-ready forecast can include a single commitment while transparently showing uncertainty.,PMI-PMP-2026-ECO | PR8 Process Task 8 - Schedule | pp. 9-10,PMI-PMP-2026-ECO | PR8 Process Task 8 - Schedule | pp. 9-10,,pp. 9-10,,,"{""d"":""process"",""t"":""Early Estimate"",""task"":""PR8"",""a"":""adaptive"",""pattern"":""content"",""format"":""Scenario"",""difficulty"":""Hard"",""q"":""After two discovery iterations, the sponsor asks for a single completion date. Significant assumptions remain unresolved. What should the project manager provide?"",""o"":[""A forecast range and assumptions, plus a commitment date tied to a stated confidence level and refinement checkpoints."",""The sponsor's preferred date with scope contingency, while documenting the assumptions and communicating the decision to affected stakeholders."",""No date until discovery is complete, while documenting the assumptions and communicating the decision to affected stakeholders."",""The team's optimistic estimate with a management reserve request, while documenting the assumptions and communicating the decision to affected stakeholders.""],""x"":0,""r"":""A decision-ready forecast can include a single commitment while transparently showing uncertainty."",""rule"":""Schedule control uses evidence, blockers, variance, forecasts, and transparent corrective action."",""taskLabel"":""Process Task 8 - Schedule""}"
D1-146,Diagnostic 1,146,draft,,,process,Operational Transition,PR10,Process Task 10 - Closure,predictive,content,Scenario,Moderate,"The system meets acceptance criteria, but support staffing and escalation procedures have not been tested. Go-live and closure are planned together. What should the project manager do first?","Close the project and let operations stabilize after go-live, while documenting the assumptions and communicating the decision to affected stakeholders.",Validate operational readiness through the agreed transition criteria before recommending closure.,"Extend warranty coverage and proceed, while documenting the assumptions and communicating the decision to affected stakeholders.","Ask the sponsor to accept the support risk, using the current summary and documenting the resulting decision path.",,1,B,Validate operational readiness through the agreed transition criteria before recommending closure.,Deliverable acceptance does not replace transition readiness.,PMI-PMP-2026-ECO | PR10 Process Task 10 - Closure | pp. 9-10,PMI-PMP-2026-ECO | PR10 Process Task 10 - Closure | pp. 9-10,,pp. 9-10,,,"{""d"":""process"",""t"":""Operational Transition"",""task"":""PR10"",""a"":""predictive"",""pattern"":""content"",""format"":""Scenario"",""difficulty"":""Moderate"",""q"":""The system meets acceptance criteria, but support staffing and escalation procedures have not been tested. Go-live and closure are planned together. What should the project manager do first?"",""o"":[""Close the project and let operations stabilize after go-live, while documenting the assumptions and communicating the decision to affected stakeholders."",""Validate operational readiness through the agreed transition criteria before recommending closure."",""Extend warranty coverage and proceed, while documenting the assumptions and communicating the decision to affected stakeholders."",""Ask the sponsor to accept the support risk, using the current summary and documenting the resulting decision path.""],""x"":1,""r"":""Deliverable acceptance does not replace transition readiness."",""rule"":""Closure requires acceptance, transition, lessons learned, and administrative closeout."",""taskLabel"":""Process Task 10 - Closure""}"
D1-147,Diagnostic 1,147,draft,,,process,Conflicting Requirements,PR2,Process Task 2 - Scope,predictive,content,Scenario,Moderate-Hard,Security requires automatic session termination after five minutes; operations requires uninterrupted monitoring for ten minutes. Both are approved requirements and cannot be met simultaneously in the current design. What should the project manager do first?,"Ask the team to design a compromise at seven minutes, while documenting the assumptions and communicating the decision to affected stakeholders.","Prioritize security because it carries greater risk, while documenting the assumptions and communicating the decision to affected stakeholders.","Facilitate clarification of the underlying needs and decision authority, then document and control the resolved requirement.","Escalate both requirements to the sponsor without analysis, using the current summary and documenting the resulting decision path.",,2,C,"Facilitate clarification of the underlying needs and decision authority, then document and control the resolved requirement.",The conflict must be understood and resolved by the proper authority before design proceeds.,PMI-PMP-2026-ECO | PR2 Process Task 2 - Scope | pp. 9-10,PMI-PMP-2026-ECO | PR2 Process Task 2 - Scope | pp. 9-10,,pp. 9-10,,,"{""d"":""process"",""t"":""Conflicting Requirements"",""task"":""PR2"",""a"":""predictive"",""pattern"":""content"",""format"":""Scenario"",""difficulty"":""Moderate-Hard"",""q"":""Security requires automatic session termination after five minutes; operations requires uninterrupted monitoring for ten minutes. Both are approved requirements and cannot be met simultaneously in the current design. What should the project manager do first?"",""o"":[""Ask the team to design a compromise at seven minutes, while documenting the assumptions and communicating the decision to affected stakeholders."",""Prioritize security because it carries greater risk, while documenting the assumptions and communicating the decision to affected stakeholders."",""Facilitate clarification of the underlying needs and decision authority, then document and control the resolved requirement."",""Escalate both requirements to the sponsor without analysis, using the current summary and documenting the resulting decision path.""],""x"":2,""r"":""The conflict must be understood and resolved by the proper authority before design proceeds."",""rule"":""Scope must be agreed, controlled, and verified before unmanaged work enters delivery."",""taskLabel"":""Process Task 2 - Scope""}"
D1-148,Diagnostic 1,148,draft,,,process,Contractor Exit,PR4,Process Task 4 - Resources,hybrid,content,Scenario,Moderate-Hard,A contractor performing a critical specialist role will leave in one month. A replacement may take six weeks to onboard. What should the project manager do first?,"Request an immediate contract extension, while documenting the assumptions and communicating the decision to affected stakeholders.","Reassign the role to the most senior team member, while documenting the assumptions and communicating the decision to affected stakeholders.","Move the milestone by two weeks, then monitor the outcome through the next reporting cycle.","Assess the capability and timing gap, prioritize knowledge transfer, and develop sourcing or schedule options before the exit.",,3,D,"Assess the capability and timing gap, prioritize knowledge transfer, and develop sourcing or schedule options before the exit.","The response should follow an analysis of capability, availability, transfer, and schedule exposure.",PMI-PMP-2026-ECO | PR4 Process Task 4 - Resources | pp. 9-10,PMI-PMP-2026-ECO | PR4 Process Task 4 - Resources | pp. 9-10,,pp. 9-10,,,"{""d"":""process"",""t"":""Contractor Exit"",""task"":""PR4"",""a"":""hybrid"",""pattern"":""content"",""format"":""Scenario"",""difficulty"":""Moderate-Hard"",""q"":""A contractor performing a critical specialist role will leave in one month. A replacement may take six weeks to onboard. What should the project manager do first?"",""o"":[""Request an immediate contract extension, while documenting the assumptions and communicating the decision to affected stakeholders."",""Reassign the role to the most senior team member, while documenting the assumptions and communicating the decision to affected stakeholders."",""Move the milestone by two weeks, then monitor the outcome through the next reporting cycle."",""Assess the capability and timing gap, prioritize knowledge transfer, and develop sourcing or schedule options before the exit.""],""x"":3,""r"":""The response should follow an analysis of capability, availability, transfer, and schedule exposure."",""rule"":""Resource choices start with need, capability, availability, and constraints."",""taskLabel"":""Process Task 4 - Resources""}"
D1-149,Diagnostic 1,149,draft,,,process,Estimate at Completion,PR6,Process Task 6 - Finance,predictive,mindset,Scenario,Moderate,"At 60% complete, cost efficiency has declined for four months and the current EAC assumes performance will immediately return to plan. No recovery action has been approved. What should the project manager do?","Develop a realistic forecast using current performance and credible recovery assumptions, then communicate the funding exposure.","Keep the existing EAC until the next reporting cycle, while monitoring the exposure and updating the relevant project records.","Use the original BAC because the baseline remains approved, then monitor the outcome through the next reporting cycle.",Reduce remaining work-package budgets to force the EAC back to plan.,,0,A,"Develop a realistic forecast using current performance and credible recovery assumptions, then communicate the funding exposure.","Forecasts should reflect evidence and only credible, approved recovery assumptions.",PMI-PMP-2026-ECO | PR6 Process Task 6 - Finance | pp. 9-10,PMI-PMP-2026-ECO | PR6 Process Task 6 - Finance | pp. 9-10,,pp. 9-10,,,"{""d"":""process"",""t"":""Estimate at Completion"",""task"":""PR6"",""a"":""predictive"",""pattern"":""mindset"",""format"":""Scenario"",""difficulty"":""Moderate"",""q"":""At 60% complete, cost efficiency has declined for four months and the current EAC assumes performance will immediately return to plan. No recovery action has been approved. What should the project manager do?"",""o"":[""Develop a realistic forecast using current performance and credible recovery assumptions, then communicate the funding exposure."",""Keep the existing EAC until the next reporting cycle, while monitoring the exposure and updating the relevant project records."",""Use the original BAC because the baseline remains approved, then monitor the outcome through the next reporting cycle."",""Reduce remaining work-package budgets to force the EAC back to plan.""],""x"":0,""r"":""Forecasts should reflect evidence and only credible, approved recovery assumptions."",""rule"":""Financial decisions use baselines, forecasts, reserves, and governance."",""taskLabel"":""Process Task 6 - Finance""}"
D1-150,Diagnostic 1,150,draft,,,process,Blocked Stories,PR8,Process Task 8 - Schedule,adaptive,content,Scenario,Hard,Three high-value stories have been blocked for a week by an external approval. The team continues lower-priority work and velocity remains stable. What should the project manager do first?,"Report green because velocity is stable, using the current summary and documenting the resulting decision path.","Assess the blocked work's release impact, engage the approval owner, and reforecast value delivery rather than relying on velocity.","Add more stories to keep the team utilized, then monitor the outcome through the next reporting cycle.","Move the blocked stories to the next release, then monitor the outcome through the next reporting cycle.",,1,B,"Assess the blocked work's release impact, engage the approval owner, and reforecast value delivery rather than relying on velocity.",Stable velocity can hide a value and schedule threat from blocked critical work.,PMI-PMP-2026-ECO | PR8 Process Task 8 - Schedule | pp. 9-10,PMI-PMP-2026-ECO | PR8 Process Task 8 - Schedule | pp. 9-10,,pp. 9-10,,,"{""d"":""process"",""t"":""Blocked Stories"",""task"":""PR8"",""a"":""adaptive"",""pattern"":""content"",""format"":""Scenario"",""difficulty"":""Hard"",""q"":""Three high-value stories have been blocked for a week by an external approval. The team continues lower-priority work and velocity remains stable. What should the project manager do first?"",""o"":[""Report green because velocity is stable, using the current summary and documenting the resulting decision path."",""Assess the blocked work's release impact, engage the approval owner, and reforecast value delivery rather than relying on velocity."",""Add more stories to keep the team utilized, then monitor the outcome through the next reporting cycle."",""Move the blocked stories to the next release, then monitor the outcome through the next reporting cycle.""],""x"":1,""r"":""Stable velocity can hide a value and schedule threat from blocked critical work."",""rule"":""Schedule control uses evidence, blockers, variance, forecasts, and transparent corrective action."",""taskLabel"":""Process Task 8 - Schedule""}"
D1-151,Diagnostic 1,151,draft,,,process,Residual Defects,PR10,Process Task 10 - Closure,predictive,content,Scenario,Moderate,The customer accepts a release with three known low-severity defects. The contract allows deferred correction if ownership and dates are documented. What should the project manager do before closure?,"Keep the project open until every defect is corrected, while monitoring the exposure and updating the relevant project records.","Move the defects to lessons learned, then monitor the outcome through the next reporting cycle.","Document acceptance, owners, due dates, funding, and transition of the residual work according to the agreement.","Close immediately because the customer accepted, while documenting the assumptions and communicating the decision to affected stakeholders.",,2,C,"Document acceptance, owners, due dates, funding, and transition of the residual work according to the agreement.",Accepted residual work must be explicitly transitioned and governed.,PMI-PMP-2026-ECO | PR10 Process Task 10 - Closure | pp. 9-10,PMI-PMP-2026-ECO | PR10 Process Task 10 - Closure | pp. 9-10,,pp. 9-10,,,"{""d"":""process"",""t"":""Residual Defects"",""task"":""PR10"",""a"":""predictive"",""pattern"":""content"",""format"":""Scenario"",""difficulty"":""Moderate"",""q"":""The customer accepts a release with three known low-severity defects. The contract allows deferred correction if ownership and dates are documented. What should the project manager do before closure?"",""o"":[""Keep the project open until every defect is corrected, while monitoring the exposure and updating the relevant project records."",""Move the defects to lessons learned, then monitor the outcome through the next reporting cycle."",""Document acceptance, owners, due dates, funding, and transition of the residual work according to the agreement."",""Close immediately because the customer accepted, while documenting the assumptions and communicating the decision to affected stakeholders.""],""x"":2,""r"":""Accepted residual work must be explicitly transitioned and governed."",""rule"":""Closure requires acceptance, transition, lessons learned, and administrative closeout."",""taskLabel"":""Process Task 10 - Closure""}"
D1-152,Diagnostic 1,152,draft,,,process,Gold Plating,PR2,Process Task 2 - Scope,predictive,content,Scenario,Moderate-Hard,A developer adds a sophisticated export function that was not requested because it may impress the customer. It adds no schedule delay but requires future support. What should the project manager do?,"Keep it because it does not affect the schedule, while monitoring the exposure and updating the relevant project records.","Demonstrate it to the customer and seek retroactive acceptance, while documenting the assumptions and communicating the decision to affected stakeholders.","Record it as an innovation and update the product documentation, while documenting the assumptions and communicating the decision to affected stakeholders.","Stop the unauthorized addition, evaluate whether it creates value, and route it through scope control if the customer wants it.",,3,D,"Stop the unauthorized addition, evaluate whether it creates value, and route it through scope control if the customer wants it.",Unrequested functionality creates scope and lifecycle obligations even when current effort is small.,PMI-PMP-2026-ECO | PR2 Process Task 2 - Scope | pp. 9-10,PMI-PMP-2026-ECO | PR2 Process Task 2 - Scope | pp. 9-10,,pp. 9-10,,,"{""d"":""process"",""t"":""Gold Plating"",""task"":""PR2"",""a"":""predictive"",""pattern"":""content"",""format"":""Scenario"",""difficulty"":""Moderate-Hard"",""q"":""A developer adds a sophisticated export function that was not requested because it may impress the customer. It adds no schedule delay but requires future support. What should the project manager do?"",""o"":[""Keep it because it does not affect the schedule, while monitoring the exposure and updating the relevant project records."",""Demonstrate it to the customer and seek retroactive acceptance, while documenting the assumptions and communicating the decision to affected stakeholders."",""Record it as an innovation and update the product documentation, while documenting the assumptions and communicating the decision to affected stakeholders."",""Stop the unauthorized addition, evaluate whether it creates value, and route it through scope control if the customer wants it.""],""x"":3,""r"":""Unrequested functionality creates scope and lifecycle obligations even when current effort is small."",""rule"":""Scope must be agreed, controlled, and verified before unmanaged work enters delivery."",""taskLabel"":""Process Task 2 - Scope""}"
D1-153,Diagnostic 1,153,draft,,,process,Portfolio Resource Conflict,PR4,Process Task 4 - Resources,hybrid,content,Scenario,Moderate-Hard,"A portfolio manager reallocates two developers to a higher-priority initiative. The project manager has no authority to reverse the decision, and the release forecast may slip. What should the project manager do first?","Reforecast the impact, identify scope and sequencing options, and present the tradeoff through portfolio governance.",Escalate the developers' reassignment as a violation of the resource plan.,"Ask the remaining team to work overtime, while documenting the assumptions and communicating the decision to affected stakeholders.","Reduce testing to protect the release date, then monitor the outcome through the next reporting cycle.",,0,A,"Reforecast the impact, identify scope and sequencing options, and present the tradeoff through portfolio governance.","The allocation decision is outside project authority, so governance needs quantified options.",PMI-PMP-2026-ECO | PR4 Process Task 4 - Resources | pp. 9-10,PMI-PMP-2026-ECO | PR4 Process Task 4 - Resources | pp. 9-10,,pp. 9-10,,,"{""d"":""process"",""t"":""Portfolio Resource Conflict"",""task"":""PR4"",""a"":""hybrid"",""pattern"":""content"",""format"":""Scenario"",""difficulty"":""Moderate-Hard"",""q"":""A portfolio manager reallocates two developers to a higher-priority initiative. The project manager has no authority to reverse the decision, and the release forecast may slip. What should the project manager do first?"",""o"":[""Reforecast the impact, identify scope and sequencing options, and present the tradeoff through portfolio governance."",""Escalate the developers' reassignment as a violation of the resource plan."",""Ask the remaining team to work overtime, while documenting the assumptions and communicating the decision to affected stakeholders."",""Reduce testing to protect the release date, then monitor the outcome through the next reporting cycle.""],""x"":0,""r"":""The allocation decision is outside project authority, so governance needs quantified options."",""rule"":""Resource choices start with need, capability, availability, and constraints."",""taskLabel"":""Process Task 4 - Resources""}"
D1-154,Diagnostic 1,154,draft,,,process,Cost of Quality,PR6,Process Task 6 - Finance,predictive,mindset,Scenario,Moderate,The sponsor proposes removing independent testing to reduce a forecast overrun. Defect escape costs have already increased. What should the project manager do first?,"Remove testing because the sponsor owns the budget, while documenting the assumptions and communicating the decision to affected stakeholders.","Quantify prevention, appraisal, rework, and failure-cost tradeoffs and present options through the cost and quality decision path.","Reject the proposal because quality activities can never change, and present the resulting cost and schedule impact at the next governance review.","Use contingency reserve to preserve all testing unchanged, then monitor the outcome through the next reporting cycle.",,1,B,"Quantify prevention, appraisal, rework, and failure-cost tradeoffs and present options through the cost and quality decision path.",The decision should be based on total cost of quality and authorized tradeoffs.,PMI-PMP-2026-ECO | PR6 Process Task 6 - Finance | pp. 9-10,PMI-PMP-2026-ECO | PR6 Process Task 6 - Finance | pp. 9-10,,pp. 9-10,,,"{""d"":""process"",""t"":""Cost of Quality"",""task"":""PR6"",""a"":""predictive"",""pattern"":""mindset"",""format"":""Scenario"",""difficulty"":""Moderate"",""q"":""The sponsor proposes removing independent testing to reduce a forecast overrun. Defect escape costs have already increased. What should the project manager do first?"",""o"":[""Remove testing because the sponsor owns the budget, while documenting the assumptions and communicating the decision to affected stakeholders."",""Quantify prevention, appraisal, rework, and failure-cost tradeoffs and present options through the cost and quality decision path."",""Reject the proposal because quality activities can never change, and present the resulting cost and schedule impact at the next governance review."",""Use contingency reserve to preserve all testing unchanged, then monitor the outcome through the next reporting cycle.""],""x"":1,""r"":""The decision should be based on total cost of quality and authorized tradeoffs."",""rule"":""Financial decisions use baselines, forecasts, reserves, and governance."",""taskLabel"":""Process Task 6 - Finance""}"
D1-155,Diagnostic 1,155,draft,,,process,Negative Float,PR8,Process Task 8 - Schedule,adaptive,content,Scenario,Hard,The network schedule shows 15 days of negative float after a regulatory review was added. The sponsor asks the project manager to remove contingency activities from the plan. What should the project manager do first?,"Remove contingency activities because they are not deliverables, while documenting the assumptions and communicating the decision to affected stakeholders.","Rebaseline the finish date to eliminate negative float, then monitor the outcome through the next reporting cycle.","Analyze the critical path and compression options, including risk and cost consequences, before recommending a controlled schedule response.","Ask the regulator to shorten the review, while documenting the assumptions and communicating the decision to affected stakeholders.",,2,C,"Analyze the critical path and compression options, including risk and cost consequences, before recommending a controlled schedule response.","Negative float calls for evidence-based schedule analysis, not cosmetic plan changes.",PMI-PMP-2026-ECO | PR8 Process Task 8 - Schedule | pp. 9-10,PMI-PMP-2026-ECO | PR8 Process Task 8 - Schedule | pp. 9-10,,pp. 9-10,,,"{""d"":""process"",""t"":""Negative Float"",""task"":""PR8"",""a"":""adaptive"",""pattern"":""content"",""format"":""Scenario"",""difficulty"":""Hard"",""q"":""The network schedule shows 15 days of negative float after a regulatory review was added. The sponsor asks the project manager to remove contingency activities from the plan. What should the project manager do first?"",""o"":[""Remove contingency activities because they are not deliverables, while documenting the assumptions and communicating the decision to affected stakeholders."",""Rebaseline the finish date to eliminate negative float, then monitor the outcome through the next reporting cycle."",""Analyze the critical path and compression options, including risk and cost consequences, before recommending a controlled schedule response."",""Ask the regulator to shorten the review, while documenting the assumptions and communicating the decision to affected stakeholders.""],""x"":2,""r"":""Negative float calls for evidence-based schedule analysis, not cosmetic plan changes."",""rule"":""Schedule control uses evidence, blockers, variance, forecasts, and transparent corrective action."",""taskLabel"":""Process Task 8 - Schedule""}"
D1-156,Diagnostic 1,156,draft,,,process,Records Retention,PR10,Process Task 10 - Closure,predictive,content,Scenario,Moderate,"A regulated project is complete, but final evidence is stored across personal drives and the retention repository is incomplete. What should the project manager do?","Close and ask records management to collect files later, while documenting the assumptions and communicating the decision to affected stakeholders.","Archive only the signed deliverables, while documenting the assumptions and communicating the decision to affected stakeholders.","Ask each team member to retain personal copies, while documenting the assumptions and communicating the decision to affected stakeholders.",Consolidate and verify required records in the controlled repository before administrative closure.,,3,D,Consolidate and verify required records in the controlled repository before administrative closure.,"Administrative closure includes complete, controlled records.",PMI-PMP-2026-ECO | PR10 Process Task 10 - Closure | pp. 9-10,PMI-PMP-2026-ECO | PR10 Process Task 10 - Closure | pp. 9-10,,pp. 9-10,,,"{""d"":""process"",""t"":""Records Retention"",""task"":""PR10"",""a"":""predictive"",""pattern"":""content"",""format"":""Scenario"",""difficulty"":""Moderate"",""q"":""A regulated project is complete, but final evidence is stored across personal drives and the retention repository is incomplete. What should the project manager do?"",""o"":[""Close and ask records management to collect files later, while documenting the assumptions and communicating the decision to affected stakeholders."",""Archive only the signed deliverables, while documenting the assumptions and communicating the decision to affected stakeholders."",""Ask each team member to retain personal copies, while documenting the assumptions and communicating the decision to affected stakeholders."",""Consolidate and verify required records in the controlled repository before administrative closure.""],""x"":3,""r"":""Administrative closure includes complete, controlled records."",""rule"":""Closure requires acceptance, transition, lessons learned, and administrative closeout."",""taskLabel"":""Process Task 10 - Closure""}"
D1-157,Diagnostic 1,157,draft,,,process,Scope Validation Evidence,PR2,Process Task 2 - Scope,predictive,content,Scenario,Moderate-Hard,"The customer verbally says a deliverable looks acceptable, but the contract requires documented acceptance against test results. The sponsor wants to move to the next phase. What should the project manager do?",Obtain the required formal validation and acceptance evidence before closing the deliverable and advancing the gate.,"Proceed based on the customer's verbal approval, while monitoring the exposure and updating the relevant project records.","Ask the sponsor to waive the acceptance evidence, using the current summary and documenting the resulting decision path.","Advance the phase and collect signatures during final closure, while documenting the assumptions and communicating the decision to affected stakeholders.",,0,A,Obtain the required formal validation and acceptance evidence before closing the deliverable and advancing the gate.,Formal acceptance requirements must be met before the gate is passed.,PMI-PMP-2026-ECO | PR2 Process Task 2 - Scope | pp. 9-10,PMI-PMP-2026-ECO | PR2 Process Task 2 - Scope | pp. 9-10,,pp. 9-10,,,"{""d"":""process"",""t"":""Scope Validation Evidence"",""task"":""PR2"",""a"":""predictive"",""pattern"":""content"",""format"":""Scenario"",""difficulty"":""Moderate-Hard"",""q"":""The customer verbally says a deliverable looks acceptable, but the contract requires documented acceptance against test results. The sponsor wants to move to the next phase. What should the project manager do?"",""o"":[""Obtain the required formal validation and acceptance evidence before closing the deliverable and advancing the gate."",""Proceed based on the customer's verbal approval, while monitoring the exposure and updating the relevant project records."",""Ask the sponsor to waive the acceptance evidence, using the current summary and documenting the resulting decision path."",""Advance the phase and collect signatures during final closure, while documenting the assumptions and communicating the decision to affected stakeholders.""],""x"":0,""r"":""Formal acceptance requirements must be met before the gate is passed."",""rule"":""Scope must be agreed, controlled, and verified before unmanaged work enters delivery."",""taskLabel"":""Process Task 2 - Scope""}"
D1-158,Diagnostic 1,158,draft,,,process,Onboarding Readiness,PR4,Process Task 4 - Resources,hybrid,content,Scenario,Moderate-Hard,New team members have completed orientation but have not demonstrated competence in a complex deployment procedure. The schedule assumes they will work independently next week. What should the project manager do?,"Keep the schedule because orientation is complete, while monitoring the exposure and updating the relevant project records.",Validate competence through supervised practice and adjust assignments or support until readiness is demonstrated.,"Assign the procedure and monitor the outcome, then monitor the outcome through the next reporting cycle.","Ask the functional manager to certify them administratively, while documenting the assumptions and communicating the decision to affected stakeholders.",,1,B,Validate competence through supervised practice and adjust assignments or support until readiness is demonstrated.,Training completion is not the same as demonstrated capability.,PMI-PMP-2026-ECO | PR4 Process Task 4 - Resources | pp. 9-10,PMI-PMP-2026-ECO | PR4 Process Task 4 - Resources | pp. 9-10,,pp. 9-10,,,"{""d"":""process"",""t"":""Onboarding Readiness"",""task"":""PR4"",""a"":""hybrid"",""pattern"":""content"",""format"":""Scenario"",""difficulty"":""Moderate-Hard"",""q"":""New team members have completed orientation but have not demonstrated competence in a complex deployment procedure. The schedule assumes they will work independently next week. What should the project manager do?"",""o"":[""Keep the schedule because orientation is complete, while monitoring the exposure and updating the relevant project records."",""Validate competence through supervised practice and adjust assignments or support until readiness is demonstrated."",""Assign the procedure and monitor the outcome, then monitor the outcome through the next reporting cycle."",""Ask the functional manager to certify them administratively, while documenting the assumptions and communicating the decision to affected stakeholders.""],""x"":1,""r"":""Training completion is not the same as demonstrated capability."",""rule"":""Resource choices start with need, capability, availability, and constraints."",""taskLabel"":""Process Task 4 - Resources""}"
D1-159,Diagnostic 1,159,draft,,,process,Benefits Funding,PR6,Process Task 6 - Finance,predictive,mindset,Scenario,Moderate,"Operations asks the project to fund six months of post-launch benefit measurement, but the approved project budget covers only transition. No benefits owner has accepted the cost. What should the project manager do?","Use remaining contingency reserve to cover the measurement period, then monitor the outcome through the next reporting cycle.","Assign the project team to measure benefits after closure, then monitor the outcome through the next reporting cycle.",Clarify ownership and funding for benefit measurement through the transition and governance process before committing project funds.,"Omit measurement because the deliverables will be accepted, while documenting the assumptions and communicating the decision to affected stakeholders.",,2,C,Clarify ownership and funding for benefit measurement through the transition and governance process before committing project funds.,"Benefit measurement requires explicit ownership and funding, not an informal extension of project cost.",PMI-PMP-2026-ECO | PR6 Process Task 6 - Finance | pp. 9-10,PMI-PMP-2026-ECO | PR6 Process Task 6 - Finance | pp. 9-10,,pp. 9-10,,,"{""d"":""process"",""t"":""Benefits Funding"",""task"":""PR6"",""a"":""predictive"",""pattern"":""mindset"",""format"":""Scenario"",""difficulty"":""Moderate"",""q"":""Operations asks the project to fund six months of post-launch benefit measurement, but the approved project budget covers only transition. No benefits owner has accepted the cost. What should the project manager do?"",""o"":[""Use remaining contingency reserve to cover the measurement period, then monitor the outcome through the next reporting cycle."",""Assign the project team to measure benefits after closure, then monitor the outcome through the next reporting cycle."",""Clarify ownership and funding for benefit measurement through the transition and governance process before committing project funds."",""Omit measurement because the deliverables will be accepted, while documenting the assumptions and communicating the decision to affected stakeholders.""],""x"":2,""r"":""Benefit measurement requires explicit ownership and funding, not an informal extension of project cost."",""rule"":""Financial decisions use baselines, forecasts, reserves, and governance."",""taskLabel"":""Process Task 6 - Finance""}"
D1-160,Diagnostic 1,160,draft,,,process,Milestone Performance,PR8,Process Task 8 - Schedule,adaptive,content,Scenario,Hard,"A milestone was met on time, but predecessor tasks used undocumented workarounds and successor estimates assume normal productivity. What should the project manager do first?","Report the milestone as green because it was achieved, using the current summary and documenting the resulting decision path.","Add the workaround to lessons learned and continue, then monitor the outcome through the next reporting cycle.","Increase successor durations as a precaution, while documenting the assumptions and communicating the decision to affected stakeholders.",Assess the workaround's residual impacts and update the forward forecast before reporting the schedule as healthy.,,3,D,Assess the workaround's residual impacts and update the forward forecast before reporting the schedule as healthy.,A milestone date alone does not establish sustainable schedule health.,PMI-PMP-2026-ECO | PR8 Process Task 8 - Schedule | pp. 9-10,PMI-PMP-2026-ECO | PR8 Process Task 8 - Schedule | pp. 9-10,,pp. 9-10,,,"{""d"":""process"",""t"":""Milestone Performance"",""task"":""PR8"",""a"":""adaptive"",""pattern"":""content"",""format"":""Scenario"",""difficulty"":""Hard"",""q"":""A milestone was met on time, but predecessor tasks used undocumented workarounds and successor estimates assume normal productivity. What should the project manager do first?"",""o"":[""Report the milestone as green because it was achieved, using the current summary and documenting the resulting decision path."",""Add the workaround to lessons learned and continue, then monitor the outcome through the next reporting cycle."",""Increase successor durations as a precaution, while documenting the assumptions and communicating the decision to affected stakeholders."",""Assess the workaround's residual impacts and update the forward forecast before reporting the schedule as healthy.""],""x"":3,""r"":""A milestone date alone does not establish sustainable schedule health."",""rule"":""Schedule control uses evidence, blockers, variance, forecasts, and transparent corrective action."",""taskLabel"":""Process Task 8 - Schedule""}"
D1-161,Diagnostic 1,161,draft,,,process,Resource Release,PR10,Process Task 10 - Closure,predictive,content,Scenario,Moderate,A functional manager requests immediate release of the project team. Final knowledge transfer and one transition rehearsal remain incomplete. What should the project manager do?,Complete or formally replan the remaining closure and transition obligations before releasing critical resources.,"Release the team because the functional manager owns resources, then update the affected plans and communicate the rationale to stakeholders.","Keep all resources until the sponsor signs final closure, while monitoring the exposure and updating the relevant project records.","Transfer the remaining work to operations without validation, then monitor the outcome through the next reporting cycle.",,0,A,Complete or formally replan the remaining closure and transition obligations before releasing critical resources.,Resources should be released in a way that protects required transition and closure work.,PMI-PMP-2026-ECO | PR10 Process Task 10 - Closure | pp. 9-10,PMI-PMP-2026-ECO | PR10 Process Task 10 - Closure | pp. 9-10,,pp. 9-10,,,"{""d"":""process"",""t"":""Resource Release"",""task"":""PR10"",""a"":""predictive"",""pattern"":""content"",""format"":""Scenario"",""difficulty"":""Moderate"",""q"":""A functional manager requests immediate release of the project team. Final knowledge transfer and one transition rehearsal remain incomplete. What should the project manager do?"",""o"":[""Complete or formally replan the remaining closure and transition obligations before releasing critical resources."",""Release the team because the functional manager owns resources, then update the affected plans and communicate the rationale to stakeholders."",""Keep all resources until the sponsor signs final closure, while monitoring the exposure and updating the relevant project records."",""Transfer the remaining work to operations without validation, then monitor the outcome through the next reporting cycle.""],""x"":0,""r"":""Resources should be released in a way that protects required transition and closure work."",""rule"":""Closure requires acceptance, transition, lessons learned, and administrative closeout."",""taskLabel"":""Process Task 10 - Closure""}"
D1-162,Diagnostic 1,162,draft,,,process,Prototype Assumption,PR2,Process Task 2 - Scope,predictive,content,Scenario,Moderate-Hard,"A prototype assumption has been treated as a final requirement, and the team has begun building against it. The customer has not confirmed the behavior. What should the project manager do first?","Continue because the prototype was previously demonstrated, while monitoring the exposure and updating the relevant project records.","Pause affected commitment, clarify and validate the requirement with the customer, and assess any resulting rework or change.","Convert the assumption directly into a requirement and update the traceability matrix, while documenting the assumptions and communicating the decision to affected stakeholders.","Ask the sponsor to decide the desired behavior, using the current summary and documenting the resulting decision path.",,1,B,"Pause affected commitment, clarify and validate the requirement with the customer, and assess any resulting rework or change.",An unvalidated assumption should not continue driving scope.,PMI-PMP-2026-ECO | PR2 Process Task 2 - Scope | pp. 9-10,PMI-PMP-2026-ECO | PR2 Process Task 2 - Scope | pp. 9-10,,pp. 9-10,,,"{""d"":""process"",""t"":""Prototype Assumption"",""task"":""PR2"",""a"":""predictive"",""pattern"":""content"",""format"":""Scenario"",""difficulty"":""Moderate-Hard"",""q"":""A prototype assumption has been treated as a final requirement, and the team has begun building against it. The customer has not confirmed the behavior. What should the project manager do first?"",""o"":[""Continue because the prototype was previously demonstrated, while monitoring the exposure and updating the relevant project records."",""Pause affected commitment, clarify and validate the requirement with the customer, and assess any resulting rework or change."",""Convert the assumption directly into a requirement and update the traceability matrix, while documenting the assumptions and communicating the decision to affected stakeholders."",""Ask the sponsor to decide the desired behavior, using the current summary and documenting the resulting decision path.""],""x"":1,""r"":""An unvalidated assumption should not continue driving scope."",""rule"":""Scope must be agreed, controlled, and verified before unmanaged work enters delivery."",""taskLabel"":""Process Task 2 - Scope""}"
D1-163,Diagnostic 1,163,draft,,,business,Sustainable Supply Chain Governance,BE1,Business Environment Task 1 - Governance,predictive,content,Case,Hard,Which governance principle is most important when deciding whether to replace the sustainable substrate with conventional plastic?,"The procurement director may decide because the purchase order remains within the approved sourcing budget, while documenting the assumptions and communicating the decision to affected stakeholders.","The project manager may decide because sustainability is part of integrated delivery planning, while documenting the assumptions and communicating the decision to affected stakeholders.",The decision exceeds functional procurement authority because it changes a strategic business-case commitment and must be made by the authorized governance body.,"The sponsor may verbally waive the ESG commitment if the current cost baseline is threatened, while documenting the assumptions and communicating the decision to affected stakeholders.",,2,C,The decision exceeds functional procurement authority because it changes a strategic business-case commitment and must be made by the authorized governance body.,A strategic benefit commitment cannot be traded away through local procurement or informal direction; the decision belongs to authorized governance.,PMI-PMP-2026-ECO | BE1 Business Environment Task 1 - Governance | pp. 11-12,PMI-PMP-2026-ECO | BE1 Business Environment Task 1 - Governance | pp. 11-12,,pp. 11-12,,,"{""d"":""business"",""t"":""Sustainable Supply Chain Governance"",""task"":""BE1"",""a"":""predictive"",""pattern"":""content"",""format"":""Case"",""difficulty"":""Hard"",""q"":""Which governance principle is most important when deciding whether to replace the sustainable substrate with conventional plastic?"",""o"":[""The procurement director may decide because the purchase order remains within the approved sourcing budget, while documenting the assumptions and communicating the decision to affected stakeholders."",""The project manager may decide because sustainability is part of integrated delivery planning, while documenting the assumptions and communicating the decision to affected stakeholders."",""The decision exceeds functional procurement authority because it changes a strategic business-case commitment and must be made by the authorized governance body."",""The sponsor may verbally waive the ESG commitment if the current cost baseline is threatened, while documenting the assumptions and communicating the decision to affected stakeholders.""],""x"":2,""r"":""A strategic benefit commitment cannot be traded away through local procurement or informal direction; the decision belongs to authorized governance."",""rule"":""Governance defines decision rights, thresholds, success measures, and escalation paths."",""taskLabel"":""Business Environment Task 1 - Governance"",""caseHtml"":""<h3>Case: Sustainable Supply Chain Shift</h3><p>An international manufacturing project is transitioning a packaging pipeline to 100% biodegradable materials to satisfy a corporate ESG commitment. The engineering baseline is solid, but a sudden maritime logistics crisis has increased the cost of the sustainable substrate by 35%.</p><ul><li>Business Case Target: Achieve net-zero packaging footprint within the current fiscal year.</li><li>Baseline Status: CPI is 0.81; SPI is 0.98.</li><li>Operations Constraint: Conventional plastic stock is readily available locally at the original budgeted cost.</li><li>Stakeholder Signal: The procurement director is independently issuing a purchase order for conventional plastic to correct the cost variance.</li></ul>""}"
D1-164,Diagnostic 1,164,draft,,,business,Repeatable Improvement,BE6,Business Environment Task 6 - Continuous improvement,predictive,content,Scenario,Moderate-Hard,A team reduced handoff defects with a readiness checklist. Another workstream is about to begin the same type of handoff. What should the project manager do?,"Mandate the identical checklist without modification, while documenting the assumptions and communicating the decision to affected stakeholders.","Wait until the second workstream experiences defects, while monitoring the exposure and updating the relevant project records.","Store the lesson for final project closure, while documenting the assumptions and communicating the decision to affected stakeholders.","Share the evidence, adapt the checklist to the new context, and define measures to verify whether the improvement works there.",,3,D,"Share the evidence, adapt the checklist to the new context, and define measures to verify whether the improvement works there.",Continuous improvement uses evidence during delivery and verifies transfer to the new context.,PMI-PMP-2026-ECO | BE6 Business Environment Task 6 - Continuous improvement | pp. 11-12,PMI-PMP-2026-ECO | BE6 Business Environment Task 6 - Continuous improvement | pp. 11-12,,pp. 11-12,,,"{""d"":""business"",""t"":""Repeatable Improvement"",""task"":""BE6"",""a"":""predictive"",""pattern"":""content"",""format"":""Scenario"",""difficulty"":""Moderate-Hard"",""q"":""A team reduced handoff defects with a readiness checklist. Another workstream is about to begin the same type of handoff. What should the project manager do?"",""o"":[""Mandate the identical checklist without modification, while documenting the assumptions and communicating the decision to affected stakeholders."",""Wait until the second workstream experiences defects, while monitoring the exposure and updating the relevant project records."",""Store the lesson for final project closure, while documenting the assumptions and communicating the decision to affected stakeholders."",""Share the evidence, adapt the checklist to the new context, and define measures to verify whether the improvement works there.""],""x"":3,""r"":""Continuous improvement uses evidence during delivery and verifies transfer to the new context."",""rule"":""Continuous improvement uses evidence and lessons learned to improve future work."",""taskLabel"":""Business Environment Task 6 - Continuous improvement""}"
D1-165,Diagnostic 1,165,draft,,,business,Triggered Response,BE5,Business Environment Task 5 - Risk,hybrid,risk,Scenario,Moderate-Hard,"A named supplier risk trigger occurs, and the approved response is still valid. What should the project manager do next?","Execute the approved response, update the risk and issue information, and monitor residual exposure.","Reassess whether the trigger should count before acting, while documenting the assumptions and communicating the decision to affected stakeholders.","Escalate to the sponsor for a new response decision, using the current summary and documenting the resulting decision path.",Keep the item in the risk register until impact is confirmed.,,0,A,"Execute the approved response, update the risk and issue information, and monitor residual exposure.","When the trigger occurs and the response remains valid, the response should be executed and tracked.",PMI-PMP-2026-ECO | BE5 Business Environment Task 5 - Risk | pp. 11-12,PMI-PMP-2026-ECO | BE5 Business Environment Task 5 - Risk | pp. 11-12,,pp. 11-12,,,"{""d"":""business"",""t"":""Triggered Response"",""task"":""BE5"",""a"":""hybrid"",""pattern"":""risk"",""format"":""Scenario"",""difficulty"":""Moderate-Hard"",""q"":""A named supplier risk trigger occurs, and the approved response is still valid. What should the project manager do next?"",""o"":[""Execute the approved response, update the risk and issue information, and monitor residual exposure."",""Reassess whether the trigger should count before acting, while documenting the assumptions and communicating the decision to affected stakeholders."",""Escalate to the sponsor for a new response decision, using the current summary and documenting the resulting decision path."",""Keep the item in the risk register until impact is confirmed.""],""x"":0,""r"":""When the trigger occurs and the response remains valid, the response should be executed and tracked."",""rule"":""Risk work is proactive before the trigger and issue management after realization."",""taskLabel"":""Business Environment Task 5 - Risk""}"
D1-166,Diagnostic 1,166,draft,,,business,Manager Resistance,BE7,Business Environment Task 7 - Organizational change,predictive,content,Scenario,Moderate-Hard,"Middle managers discourage use of a new workflow because it removes a control they value. Training completion is high, but adoption remains low. What should the project manager do first?","Require employees to use the workflow because training is complete, while documenting the assumptions and communicating the decision to affected stakeholders.","Analyze the control concern with the managers and change leaders, then adjust the adoption response and decision path.","Add more end-user training sessions, then monitor the outcome through the next reporting cycle.","Escalate resistant managers to the sponsor for sanctions, using the current summary and documenting the resulting decision path.",,1,B,"Analyze the control concern with the managers and change leaders, then adjust the adoption response and decision path.","The barrier is managerial belief and control, not lack of user training.",PMI-PMP-2026-ECO | BE7 Business Environment Task 7 - Organizational change | pp. 11-12,PMI-PMP-2026-ECO | BE7 Business Environment Task 7 - Organizational change | pp. 11-12,,pp. 11-12,,,"{""d"":""business"",""t"":""Manager Resistance"",""task"":""BE7"",""a"":""predictive"",""pattern"":""content"",""format"":""Scenario"",""difficulty"":""Moderate-Hard"",""q"":""Middle managers discourage use of a new workflow because it removes a control they value. Training completion is high, but adoption remains low. What should the project manager do first?"",""o"":[""Require employees to use the workflow because training is complete, while documenting the assumptions and communicating the decision to affected stakeholders."",""Analyze the control concern with the managers and change leaders, then adjust the adoption response and decision path."",""Add more end-user training sessions, then monitor the outcome through the next reporting cycle."",""Escalate resistant managers to the sponsor for sanctions, using the current summary and documenting the resulting decision path.""],""x"":1,""r"":""The barrier is managerial belief and control, not lack of user training."",""rule"":""Organizational change requires adoption support and readiness, not just deployment."",""taskLabel"":""Business Environment Task 7 - Organizational change""}"
D1-167,Diagnostic 1,167,draft,,,business,Strategic Customization Governance,BE1,Business Environment Task 1 - Governance,predictive,mindset,Case,Moderate,"Which factor determines whether the project manager can approve the $45,000 customization?","The project manager can approve it because the cost is below $50,000, while documenting the assumptions and communicating the decision to affected stakeholders.","The enterprise architecture warning automatically requires rejection, while documenting the assumptions and communicating the decision to affected stakeholders.",The request creates a strategic exception beyond local scope authority even though its cost is within the delegated tolerance.,"The division manager's funding threat gives the request sponsor-level authority, while documenting the assumptions and communicating the decision to affected stakeholders.",,2,C,The request creates a strategic exception beyond local scope authority even though its cost is within the delegated tolerance.,Delegated cost tolerance does not authorize a change that conflicts with an enterprise strategic objective.,PMI-PMP-2026-ECO | BE1 Business Environment Task 1 - Governance | pp. 11-12,PMI-PMP-2026-ECO | BE1 Business Environment Task 1 - Governance | pp. 11-12,,pp. 11-12,,,"{""d"":""business"",""t"":""Strategic Customization Governance"",""task"":""BE1"",""a"":""predictive"",""pattern"":""mindset"",""format"":""Case"",""difficulty"":""Moderate"",""q"":""Which factor determines whether the project manager can approve the $45,000 customization?"",""o"":[""The project manager can approve it because the cost is below $50,000, while documenting the assumptions and communicating the decision to affected stakeholders."",""The enterprise architecture warning automatically requires rejection, while documenting the assumptions and communicating the decision to affected stakeholders."",""The request creates a strategic exception beyond local scope authority even though its cost is within the delegated tolerance."",""The division manager's funding threat gives the request sponsor-level authority, while documenting the assumptions and communicating the decision to affected stakeholders.""],""x"":2,""r"":""Delegated cost tolerance does not authorize a change that conflicts with an enterprise strategic objective."",""rule"":""Governance defines decision rights, thresholds, success measures, and escalation paths."",""taskLabel"":""Business Environment Task 1 - Governance"",""caseHtml"":""<h3>Case: The Strategic Customization Push</h3><p>A regional division manager demands a highly customized, local tax-compliance automation layout for a global SaaS accounting platform deployment. The project manager's change matrix allows local scope adjustments up to $50,000, and this request is priced at $45,000. However, the enterprise architecture board issues a formal warning that localizing the base code will permanently compromise the core standardization objective of the platform.</p><ul><li>Local Scope Tolerance: Delegated PM authority up to $50,000.</li><li>Estimated Modification Cost: $45,000.</li><li>Project Baseline: CPI is 1.04; SPI is 1.01.</li><li>Division Signal: The division manager threatens to pull regional funding if the customization is denied.</li></ul>""}"
D1-168,Diagnostic 1,168,draft,,,business,Communication Experiment,BE6,Business Environment Task 6 - Continuous improvement,hybrid,content,Scenario,Moderate-Hard,"After a new decision-summary format is introduced, stakeholder questions decline for two cycles. The sponsor asks whether it should become standard. What should the project manager do next?","Standardize immediately because the metric improved, while documenting the assumptions and communicating the decision to affected stakeholders.","Return to the old format to ensure the result was not temporary, while documenting the assumptions and communicating the decision to affected stakeholders.","Wait until project closure to evaluate the change, while monitoring the exposure and updating the relevant project records.","Confirm the effect with additional evidence and stakeholder feedback, then standardize or refine the practice through the improvement process.",,3,D,"Confirm the effect with additional evidence and stakeholder feedback, then standardize or refine the practice through the improvement process.","Improvement should be evidence-based, measured, and deliberately adopted.",PMI-PMP-2026-ECO | BE6 Business Environment Task 6 - Continuous improvement | pp. 11-12,PMI-PMP-2026-ECO | BE6 Business Environment Task 6 - Continuous improvement | pp. 11-12,,pp. 11-12,,,"{""d"":""business"",""t"":""Communication Experiment"",""task"":""BE6"",""a"":""hybrid"",""pattern"":""content"",""format"":""Scenario"",""difficulty"":""Moderate-Hard"",""q"":""After a new decision-summary format is introduced, stakeholder questions decline for two cycles. The sponsor asks whether it should become standard. What should the project manager do next?"",""o"":[""Standardize immediately because the metric improved, while documenting the assumptions and communicating the decision to affected stakeholders."",""Return to the old format to ensure the result was not temporary, while documenting the assumptions and communicating the decision to affected stakeholders."",""Wait until project closure to evaluate the change, while monitoring the exposure and updating the relevant project records."",""Confirm the effect with additional evidence and stakeholder feedback, then standardize or refine the practice through the improvement process.""],""x"":3,""r"":""Improvement should be evidence-based, measured, and deliberately adopted."",""rule"":""Continuous improvement uses evidence and lessons learned to improve future work."",""taskLabel"":""Business Environment Task 6 - Continuous improvement""}"
D1-169,Diagnostic 1,169,draft,,,business,Invalidated Response,BE5,Business Environment Task 5 - Risk,adaptive,risk,Scenario,Moderate,"A risk trigger occurs, but new information shows the approved alternate supplier lacks a mandatory certification. What should the project manager do first?","Reassess the response, document the new exposure, and obtain the appropriate decision before switching suppliers.","Execute the approved response and address certification during onboarding, while documenting the assumptions and communicating the decision to affected stakeholders.","Return to the original supplier and close the risk, while documenting the assumptions and communicating the decision to affected stakeholders.","Escalate the original response unchanged to the sponsor, using the current summary and documenting the resulting decision path.",,0,A,"Reassess the response, document the new exposure, and obtain the appropriate decision before switching suppliers.",A response should not be executed blindly when new information makes it noncompliant.,PMI-PMP-2026-ECO | BE5 Business Environment Task 5 - Risk | pp. 11-12,PMI-PMP-2026-ECO | BE5 Business Environment Task 5 - Risk | pp. 11-12,,pp. 11-12,,,"{""d"":""business"",""t"":""Invalidated Response"",""task"":""BE5"",""a"":""adaptive"",""pattern"":""risk"",""format"":""Scenario"",""difficulty"":""Moderate"",""q"":""A risk trigger occurs, but new information shows the approved alternate supplier lacks a mandatory certification. What should the project manager do first?"",""o"":[""Reassess the response, document the new exposure, and obtain the appropriate decision before switching suppliers."",""Execute the approved response and address certification during onboarding, while documenting the assumptions and communicating the decision to affected stakeholders."",""Return to the original supplier and close the risk, while documenting the assumptions and communicating the decision to affected stakeholders."",""Escalate the original response unchanged to the sponsor, using the current summary and documenting the resulting decision path.""],""x"":0,""r"":""A response should not be executed blindly when new information makes it noncompliant."",""rule"":""Risk work is proactive before the trigger and issue management after realization."",""taskLabel"":""Business Environment Task 5 - Risk""}"
D1-170,Diagnostic 1,170,draft,,,business,Adoption Metrics,BE7,Business Environment Task 7 - Organizational change,hybrid,content,Scenario,Moderate-Hard,"A system is technically live, but only 35% of users complete the new process without reverting to spreadsheets. The project plan marks deployment complete. What should the project manager do?","Close the project because deployment is complete, while documenting the assumptions and communicating the decision to affected stakeholders.","Treat adoption as an active outcome gap, analyze the barriers, and execute or adjust the change response using agreed metrics.","Remove spreadsheet access immediately, while documenting the assumptions and communicating the decision to affected stakeholders.","Ask operations to manage adoption after closure, while documenting the assumptions and communicating the decision to affected stakeholders.",,1,B,"Treat adoption as an active outcome gap, analyze the barriers, and execute or adjust the change response using agreed metrics.","Organizational change success depends on adoption, not deployment alone.",PMI-PMP-2026-ECO | BE7 Business Environment Task 7 - Organizational change | pp. 11-12,PMI-PMP-2026-ECO | BE7 Business Environment Task 7 - Organizational change | pp. 11-12,,pp. 11-12,,,"{""d"":""business"",""t"":""Adoption Metrics"",""task"":""BE7"",""a"":""hybrid"",""pattern"":""content"",""format"":""Scenario"",""difficulty"":""Moderate-Hard"",""q"":""A system is technically live, but only 35% of users complete the new process without reverting to spreadsheets. The project plan marks deployment complete. What should the project manager do?"",""o"":[""Close the project because deployment is complete, while documenting the assumptions and communicating the decision to affected stakeholders."",""Treat adoption as an active outcome gap, analyze the barriers, and execute or adjust the change response using agreed metrics."",""Remove spreadsheet access immediately, while documenting the assumptions and communicating the decision to affected stakeholders."",""Ask operations to manage adoption after closure, while documenting the assumptions and communicating the decision to affected stakeholders.""],""x"":1,""r"":""Organizational change success depends on adoption, not deployment alone."",""rule"":""Organizational change requires adoption support and readiness, not just deployment."",""taskLabel"":""Business Environment Task 7 - Organizational change""}"
D1-171,Diagnostic 1,171,draft,,,business,Undefined Decision Rights,BE1,Business Environment Task 1 - Governance,predictive,content,Scenario,Moderate-Hard,"The sponsor, product owner, and operations lead each believe they can approve release readiness. Decisions are being reversed. What should the project manager do first?","Ask the sponsor to make all release decisions, using the current summary and documenting the resulting decision path.","Let the product owner decide because delivery is adaptive, while documenting the assumptions and communicating the decision to affected stakeholders.","Clarify and formalize decision rights, thresholds, and escalation paths through governance.","Create a majority-vote rule among the three leaders, while documenting the assumptions and communicating the decision to affected stakeholders.",,2,C,"Clarify and formalize decision rights, thresholds, and escalation paths through governance.",Recurring reversal reflects a governance design gap.,PMI-PMP-2026-ECO | BE1 Business Environment Task 1 - Governance | pp. 11-12,PMI-PMP-2026-ECO | BE1 Business Environment Task 1 - Governance | pp. 11-12,,pp. 11-12,,,"{""d"":""business"",""t"":""Undefined Decision Rights"",""task"":""BE1"",""a"":""predictive"",""pattern"":""content"",""format"":""Scenario"",""difficulty"":""Moderate-Hard"",""q"":""The sponsor, product owner, and operations lead each believe they can approve release readiness. Decisions are being reversed. What should the project manager do first?"",""o"":[""Ask the sponsor to make all release decisions, using the current summary and documenting the resulting decision path."",""Let the product owner decide because delivery is adaptive, while documenting the assumptions and communicating the decision to affected stakeholders."",""Clarify and formalize decision rights, thresholds, and escalation paths through governance."",""Create a majority-vote rule among the three leaders, while documenting the assumptions and communicating the decision to affected stakeholders.""],""x"":2,""r"":""Recurring reversal reflects a governance design gap."",""rule"":""Governance defines decision rights, thresholds, success measures, and escalation paths."",""taskLabel"":""Business Environment Task 1 - Governance""}"
D1-172,Diagnostic 1,172,draft,,,business,Baseline Change,BE3,Business Environment Task 3 - Change control,predictive,mindset,Scenario,Moderate,"Impact analysis confirms a requested feature will change scope, cost, and the committed date. The sponsor verbally approves it during a call. What should the project manager do next?",Begin implementation based on sponsor approval and update the baseline later.,"Reject the change because it affects three baselines, and present the resulting cost and schedule impact at the next governance review.",Ask the product owner to add the feature to the backlog.,Document the analysis and route the change for formal disposition before authorizing implementation.,,3,D,Document the analysis and route the change for formal disposition before authorizing implementation.,A verbal direction does not replace the formal control required for baseline changes.,PMI-PMP-2026-ECO | BE3 Business Environment Task 3 - Change control | pp. 11-12,PMI-PMP-2026-ECO | BE3 Business Environment Task 3 - Change control | pp. 11-12,,pp. 11-12,,,"{""d"":""business"",""t"":""Baseline Change"",""task"":""BE3"",""a"":""predictive"",""pattern"":""mindset"",""format"":""Scenario"",""difficulty"":""Moderate"",""q"":""Impact analysis confirms a requested feature will change scope, cost, and the committed date. The sponsor verbally approves it during a call. What should the project manager do next?"",""o"":[""Begin implementation based on sponsor approval and update the baseline later."",""Reject the change because it affects three baselines, and present the resulting cost and schedule impact at the next governance review."",""Ask the product owner to add the feature to the backlog."",""Document the analysis and route the change for formal disposition before authorizing implementation.""],""x"":3,""r"":""A verbal direction does not replace the formal control required for baseline changes."",""rule"":""Changes affecting baselines, commitments, or regulated deliverables follow change control."",""taskLabel"":""Business Environment Task 3 - Change control""}"
D1-173,Diagnostic 1,173,draft,,,business,Secondary Risk,BE5,Business Environment Task 5 - Risk,predictive,risk,Scenario,Hard,A mitigation reduces schedule risk but creates a credible data-security exposure not previously assessed. What should the project manager do?,"Analyze and record the secondary risk, assign ownership and response, and reassess the overall strategy.","Proceed because the primary risk is more urgent, while monitoring the exposure and updating the relevant project records.","Reject the mitigation because it creates any secondary risk, and present the resulting cost and schedule impact at the next governance review.",Transfer the security exposure to the technical lead without updating the risk record.,,0,A,"Analyze and record the secondary risk, assign ownership and response, and reassess the overall strategy.",Risk responses can create secondary risks that require explicit management.,PMI-PMP-2026-ECO | BE5 Business Environment Task 5 - Risk | pp. 11-12,PMI-PMP-2026-ECO | BE5 Business Environment Task 5 - Risk | pp. 11-12,,pp. 11-12,,,"{""d"":""business"",""t"":""Secondary Risk"",""task"":""BE5"",""a"":""predictive"",""pattern"":""risk"",""format"":""Scenario"",""difficulty"":""Hard"",""q"":""A mitigation reduces schedule risk but creates a credible data-security exposure not previously assessed. What should the project manager do?"",""o"":[""Analyze and record the secondary risk, assign ownership and response, and reassess the overall strategy."",""Proceed because the primary risk is more urgent, while monitoring the exposure and updating the relevant project records."",""Reject the mitigation because it creates any secondary risk, and present the resulting cost and schedule impact at the next governance review."",""Transfer the security exposure to the technical lead without updating the risk record.""],""x"":0,""r"":""Risk responses can create secondary risks that require explicit management."",""rule"":""Risk work is proactive before the trigger and issue management after realization."",""taskLabel"":""Business Environment Task 5 - Risk""}"
D1-174,Diagnostic 1,174,draft,,,business,Sponsor Coalition,BE7,Business Environment Task 7 - Organizational change,adaptive,content,Scenario,Moderate,"A transformation affects five departments. The sponsor supports it, but two department heads are sending conflicting messages to staff. What should the project manager do first?","Send a project-wide communication clarifying the sponsor's authority, while documenting the assumptions and communicating the decision to affected stakeholders.","Engage the sponsor and department heads to align sponsorship messages, roles, and visible reinforcement of the change.","Ask human resources to correct the department heads, while documenting the assumptions and communicating the decision to affected stakeholders.","Continue training and monitor adoption, while monitoring the exposure and updating the relevant project records.",,1,B,"Engage the sponsor and department heads to align sponsorship messages, roles, and visible reinforcement of the change.",A coherent sponsorship coalition is needed before communications and training can succeed.,PMI-PMP-2026-ECO | BE7 Business Environment Task 7 - Organizational change | pp. 11-12,PMI-PMP-2026-ECO | BE7 Business Environment Task 7 - Organizational change | pp. 11-12,,pp. 11-12,,,"{""d"":""business"",""t"":""Sponsor Coalition"",""task"":""BE7"",""a"":""adaptive"",""pattern"":""content"",""format"":""Scenario"",""difficulty"":""Moderate"",""q"":""A transformation affects five departments. The sponsor supports it, but two department heads are sending conflicting messages to staff. What should the project manager do first?"",""o"":[""Send a project-wide communication clarifying the sponsor's authority, while documenting the assumptions and communicating the decision to affected stakeholders."",""Engage the sponsor and department heads to align sponsorship messages, roles, and visible reinforcement of the change."",""Ask human resources to correct the department heads, while documenting the assumptions and communicating the decision to affected stakeholders."",""Continue training and monitor adoption, while monitoring the exposure and updating the relevant project records.""],""x"":1,""r"":""A coherent sponsorship coalition is needed before communications and training can succeed."",""rule"":""Organizational change requires adoption support and readiness, not just deployment."",""taskLabel"":""Business Environment Task 7 - Organizational change""}"
D1-175,Diagnostic 1,175,draft,,,business,Contract Commitment Governance,BE1,Business Environment Task 1 - Governance,hybrid,content,Scenario,Moderate-Hard,"An agile team can reorder backlog items freely, but some items are tied to dated contractual commitments. The current governance model does not distinguish them. What should the project manager do?","Freeze the entire backlog until the contract ends, and present the resulting cost and schedule impact at the next governance review.","Let the product owner manage all priority changes, while documenting the assumptions and communicating the decision to affected stakeholders.",Establish visibility and thresholds so changes affecting contractual commitments receive authorized review while other backlog decisions remain local.,"Require customer approval for every sprint plan, while documenting the assumptions and communicating the decision to affected stakeholders.",,2,C,Establish visibility and thresholds so changes affecting contractual commitments receive authorized review while other backlog decisions remain local.,Governance should be proportionate to the commitment affected.,PMI-PMP-2026-ECO | BE1 Business Environment Task 1 - Governance | pp. 11-12,PMI-PMP-2026-ECO | BE1 Business Environment Task 1 - Governance | pp. 11-12,,pp. 11-12,,,"{""d"":""business"",""t"":""Contract Commitment Governance"",""task"":""BE1"",""a"":""hybrid"",""pattern"":""content"",""format"":""Scenario"",""difficulty"":""Moderate-Hard"",""q"":""An agile team can reorder backlog items freely, but some items are tied to dated contractual commitments. The current governance model does not distinguish them. What should the project manager do?"",""o"":[""Freeze the entire backlog until the contract ends, and present the resulting cost and schedule impact at the next governance review."",""Let the product owner manage all priority changes, while documenting the assumptions and communicating the decision to affected stakeholders."",""Establish visibility and thresholds so changes affecting contractual commitments receive authorized review while other backlog decisions remain local."",""Require customer approval for every sprint plan, while documenting the assumptions and communicating the decision to affected stakeholders.""],""x"":2,""r"":""Governance should be proportionate to the commitment affected."",""rule"":""Governance defines decision rights, thresholds, success measures, and escalation paths."",""taskLabel"":""Business Environment Task 1 - Governance""}"
D1-176,Diagnostic 1,176,draft,,,business,Regulatory Change,BE3,Business Environment Task 3 - Change control,predictive,content,Scenario,Moderate-Hard,"A new regulation requires a design modification. Legal confirms applicability, and the change will add cost and delay the launch. What should the project manager do first?","Implement immediately and update baselines after compliance is restored, then update the affected plans and communicate the rationale to stakeholders.",Ask the sponsor to challenge the regulation before changing the project.,Treat the requirement as a risk until the regulator audits the project.,"Document the mandatory impact, develop implementation options, and use the authorized change and governance process.",,3,D,"Document the mandatory impact, develop implementation options, and use the authorized change and governance process.",Mandatory change still requires controlled impact analysis and authorized disposition.,PMI-PMP-2026-ECO | BE3 Business Environment Task 3 - Change control | pp. 11-12,PMI-PMP-2026-ECO | BE3 Business Environment Task 3 - Change control | pp. 11-12,,pp. 11-12,,,"{""d"":""business"",""t"":""Regulatory Change"",""task"":""BE3"",""a"":""predictive"",""pattern"":""content"",""format"":""Scenario"",""difficulty"":""Moderate-Hard"",""q"":""A new regulation requires a design modification. Legal confirms applicability, and the change will add cost and delay the launch. What should the project manager do first?"",""o"":[""Implement immediately and update baselines after compliance is restored, then update the affected plans and communicate the rationale to stakeholders."",""Ask the sponsor to challenge the regulation before changing the project."",""Treat the requirement as a risk until the regulator audits the project."",""Document the mandatory impact, develop implementation options, and use the authorized change and governance process.""],""x"":3,""r"":""Mandatory change still requires controlled impact analysis and authorized disposition."",""rule"":""Changes affecting baselines, commitments, or regulated deliverables follow change control."",""taskLabel"":""Business Environment Task 3 - Change control""}"
D1-177,Diagnostic 1,177,draft,,,business,Opportunity Response,BE5,Business Environment Task 5 - Risk,predictive,risk,Scenario,Moderate,"A supplier offers an earlier delivery window that could accelerate benefits, but accepting it requires short-term integration capacity and a contract amendment. What should the project manager do first?","Assess probability, value, capacity, contract, and secondary impacts before recommending an opportunity response.","Accept immediately because earlier benefits improve value, then update the affected plans and communicate the rationale to stakeholders.","Decline because the opportunity was not in the baseline, while documenting the assumptions and communicating the decision to affected stakeholders.","Ask the supplier to proceed while the amendment is prepared, while documenting the assumptions and communicating the decision to affected stakeholders.",,0,A,"Assess probability, value, capacity, contract, and secondary impacts before recommending an opportunity response.",Opportunities require the same disciplined analysis and authorization as threats.,PMI-PMP-2026-ECO | BE5 Business Environment Task 5 - Risk | pp. 11-12,PMI-PMP-2026-ECO | BE5 Business Environment Task 5 - Risk | pp. 11-12,,pp. 11-12,,,"{""d"":""business"",""t"":""Opportunity Response"",""task"":""BE5"",""a"":""predictive"",""pattern"":""risk"",""format"":""Scenario"",""difficulty"":""Moderate"",""q"":""A supplier offers an earlier delivery window that could accelerate benefits, but accepting it requires short-term integration capacity and a contract amendment. What should the project manager do first?"",""o"":[""Assess probability, value, capacity, contract, and secondary impacts before recommending an opportunity response."",""Accept immediately because earlier benefits improve value, then update the affected plans and communicate the rationale to stakeholders."",""Decline because the opportunity was not in the baseline, while documenting the assumptions and communicating the decision to affected stakeholders."",""Ask the supplier to proceed while the amendment is prepared, while documenting the assumptions and communicating the decision to affected stakeholders.""],""x"":0,""r"":""Opportunities require the same disciplined analysis and authorization as threats."",""rule"":""Risk work is proactive before the trigger and issue management after realization."",""taskLabel"":""Business Environment Task 5 - Risk""}"
D1-178,Diagnostic 1,178,draft,,,business,Pilot Learning,BE7,Business Environment Task 7 - Organizational change,predictive,content,Scenario,Hard,A pilot shows users understand the new process but cannot complete it within operational staffing levels. The rollout plan assumes training is the only adoption action. What should the project manager do?,"Add more training and continue the rollout, then monitor the outcome through the next reporting cycle.","Use the pilot evidence to revise the change and readiness plan, including workflow, staffing, and adoption measures before scaling.","Reduce the adoption target to match staffing, then monitor the outcome through the next reporting cycle.","Escalate the users for resisting the approved process, using the current summary and documenting the resulting decision path.",,1,B,"Use the pilot evidence to revise the change and readiness plan, including workflow, staffing, and adoption measures before scaling.","The barrier is operational readiness, so the change plan must address more than knowledge.",PMI-PMP-2026-ECO | BE7 Business Environment Task 7 - Organizational change | pp. 11-12,PMI-PMP-2026-ECO | BE7 Business Environment Task 7 - Organizational change | pp. 11-12,,pp. 11-12,,,"{""d"":""business"",""t"":""Pilot Learning"",""task"":""BE7"",""a"":""predictive"",""pattern"":""content"",""format"":""Scenario"",""difficulty"":""Hard"",""q"":""A pilot shows users understand the new process but cannot complete it within operational staffing levels. The rollout plan assumes training is the only adoption action. What should the project manager do?"",""o"":[""Add more training and continue the rollout, then monitor the outcome through the next reporting cycle."",""Use the pilot evidence to revise the change and readiness plan, including workflow, staffing, and adoption measures before scaling."",""Reduce the adoption target to match staffing, then monitor the outcome through the next reporting cycle."",""Escalate the users for resisting the approved process, using the current summary and documenting the resulting decision path.""],""x"":1,""r"":""The barrier is operational readiness, so the change plan must address more than knowledge."",""rule"":""Organizational change requires adoption support and readiness, not just deployment."",""taskLabel"":""Business Environment Task 7 - Organizational change""}"
D1-179,Diagnostic 1,179,draft,,,business,Escalation Path Failure,BE1,Business Environment Task 1 - Governance,adaptive,content,Scenario,Moderate,"A risk exceeds the approved threshold, but the named sponsor is unavailable and the governance plan identifies no alternate authority. A decision is needed within 24 hours. What should the project manager do first?","Make the decision because the sponsor is unavailable, while documenting the assumptions and communicating the decision to affected stakeholders.","Wait until the sponsor returns, while monitoring the exposure and updating the relevant project records.","Activate the organization's higher-level governance channel, document the authority gap, and secure an authorized decision path.","Ask the risk owner to accept the exposure, while documenting the assumptions and communicating the decision to affected stakeholders.",,2,C,"Activate the organization's higher-level governance channel, document the authority gap, and secure an authorized decision path.","The project manager should use organizational governance and repair the missing escalation design, not assume authority.",PMI-PMP-2026-ECO | BE1 Business Environment Task 1 - Governance | pp. 11-12,PMI-PMP-2026-ECO | BE1 Business Environment Task 1 - Governance | pp. 11-12,,pp. 11-12,,,"{""d"":""business"",""t"":""Escalation Path Failure"",""task"":""BE1"",""a"":""adaptive"",""pattern"":""content"",""format"":""Scenario"",""difficulty"":""Moderate"",""q"":""A risk exceeds the approved threshold, but the named sponsor is unavailable and the governance plan identifies no alternate authority. A decision is needed within 24 hours. What should the project manager do first?"",""o"":[""Make the decision because the sponsor is unavailable, while documenting the assumptions and communicating the decision to affected stakeholders."",""Wait until the sponsor returns, while monitoring the exposure and updating the relevant project records."",""Activate the organization's higher-level governance channel, document the authority gap, and secure an authorized decision path."",""Ask the risk owner to accept the exposure, while documenting the assumptions and communicating the decision to affected stakeholders.""],""x"":2,""r"":""The project manager should use organizational governance and repair the missing escalation design, not assume authority."",""rule"":""Governance defines decision rights, thresholds, success measures, and escalation paths."",""taskLabel"":""Business Environment Task 1 - Governance""}"
D1-180,Diagnostic 1,180,draft,,,business,Emergency Sponsor Direction,BE3,Business Environment Task 3 - Change control,hybrid,content,Scenario,Moderate-Hard,A critical defect threatens tomorrow's launch. The sponsor directs the team to deploy an unapproved workaround that changes a regulated control. What should the project manager do?,"Deploy the workaround because the sponsor accepted the risk, then update the affected plans and communicate the rationale to stakeholders.","Cancel the launch without further analysis, while documenting the assumptions and communicating the decision to affected stakeholders.","Log the workaround as an emergency exception and seek approval afterward, while documenting the assumptions and communicating the decision to affected stakeholders.","Contain the defect, analyze the workaround and alternatives, and obtain an expedited authorized decision before changing the control.",,3,D,"Contain the defect, analyze the workaround and alternatives, and obtain an expedited authorized decision before changing the control.","Urgency may justify expedited governance, not bypassing control over a regulated change.",PMI-PMP-2026-ECO | BE3 Business Environment Task 3 - Change control | pp. 11-12,PMI-PMP-2026-ECO | BE3 Business Environment Task 3 - Change control | pp. 11-12,,pp. 11-12,,,"{""d"":""business"",""t"":""Emergency Sponsor Direction"",""task"":""BE3"",""a"":""hybrid"",""pattern"":""content"",""format"":""Scenario"",""difficulty"":""Moderate-Hard"",""q"":""A critical defect threatens tomorrow's launch. The sponsor directs the team to deploy an unapproved workaround that changes a regulated control. What should the project manager do?"",""o"":[""Deploy the workaround because the sponsor accepted the risk, then update the affected plans and communicate the rationale to stakeholders."",""Cancel the launch without further analysis, while documenting the assumptions and communicating the decision to affected stakeholders."",""Log the workaround as an emergency exception and seek approval afterward, while documenting the assumptions and communicating the decision to affected stakeholders."",""Contain the defect, analyze the workaround and alternatives, and obtain an expedited authorized decision before changing the control.""],""x"":3,""r"":""Urgency may justify expedited governance, not bypassing control over a regulated change."",""rule"":""Changes affecting baselines, commitments, or regulated deliverables follow change control."",""taskLabel"":""Business Environment Task 3 - Change control""}"